"Match_id";"Winner";"Loser";"Result_type";"Result_details";"Man_of_match"
1312200.0;"Gujarat Titans";"Rajasthan Royals";"";"Gujarat Titans won by 7.0 wickets";"HH Pandya"
1312199.0;"Rajasthan Royals";"Royal Challengers Bangalore";"";"Rajasthan Royals won by 7.0 wickets";"JC Buttler"
1312198.0;"Royal Challengers Bangalore";"Lucknow Super Giants";"";"Royal Challengers Bangalore won by 14.0 runs";"RM Patidar"
1312197.0;"Gujarat Titans";"Rajasthan Royals";"";"Gujarat Titans won by 7.0 wickets";"DA Miller"
1304116.0;"Punjab Kings";"Sunrisers Hyderabad";"";"Punjab Kings won by 5.0 wickets";"Harpreet Brar"
1304115.0;"Mumbai Indians";"Delhi Capitals";"";"Mumbai Indians won by 5.0 wickets";"JJ Bumrah"
1304114.0;"Rajasthan Royals";"Chennai Super Kings";"";"Rajasthan Royals won by 5.0 wickets";"R Ashwin"
1304113.0;"Royal Challengers Bangalore";"Gujarat Titans";"";"Royal Challengers Bangalore won by 8.0 wickets";"V Kohli"
1304112.0;"Lucknow Super Giants";"Kolkata Knight Riders";"";"Lucknow Super Giants won by 2.0 runs";"Q de Kock"
1304111.0;"Sunrisers Hyderabad";"Mumbai Indians";"";"Sunrisers Hyderabad won by 3.0 runs";"RA Tripathi"
1304110.0;"Delhi Capitals";"Punjab Kings";"";"Delhi Capitals won by 17.0 runs";"SN Thakur"
1304109.0;"Rajasthan Royals";"Lucknow Super Giants";"";"Rajasthan Royals won by 24.0 runs";"TA Boult"
1304108.0;"Gujarat Titans";"Chennai Super Kings";"";"Gujarat Titans won by 7.0 wickets";"WP Saha"
1304107.0;"Kolkata Knight Riders";"Sunrisers Hyderabad";"";"Kolkata Knight Riders won by 54.0 runs";"AD Russell"
1304106.0;"Punjab Kings";"Royal Challengers Bangalore";"";"Punjab Kings won by 54.0 runs";"JM Bairstow"
1304105.0;"Mumbai Indians";"Chennai Super Kings";"";"Mumbai Indians won by 5.0 wickets";"DR Sams"
1304104.0;"Delhi Capitals";"Rajasthan Royals";"";"Delhi Capitals won by 8.0 wickets";"MR Marsh"
1304103.0;"Gujarat Titans";"Lucknow Super Giants";"";"Gujarat Titans won by 62.0 runs";"Shubman Gill"
1304102.0;"Kolkata Knight Riders";"Mumbai Indians";"";"Kolkata Knight Riders won by 52.0 runs";"JJ Bumrah"
1304101.0;"Chennai Super Kings";"Delhi Capitals";"";"Chennai Super Kings won by 91.0 runs";"DP Conway"
1304100.0;"Royal Challengers Bangalore";"Sunrisers Hyderabad";"";"Royal Challengers Bangalore won by 67.0 runs";"PWH de Silva"
1304099.0;"Lucknow Super Giants";"Kolkata Knight Riders";"";"Lucknow Super Giants won by 75.0 runs";"Avesh Khan"
1304098.0;"Rajasthan Royals";"Punjab Kings";"";"Rajasthan Royals won by 6.0 wickets";"YBK Jaiswal"
1304097.0;"Mumbai Indians";"Gujarat Titans";"";"Mumbai Indians won by 5.0 runs";"TH David"
1304096.0;"Delhi Capitals";"Sunrisers Hyderabad";"";"Delhi Capitals won by 21.0 runs";"DA Warner"
1304095.0;"Royal Challengers Bangalore";"Chennai Super Kings";"";"Royal Challengers Bangalore won by 13.0 runs";"HV Patel"
1304094.0;"Punjab Kings";"Gujarat Titans";"";"Punjab Kings won by 8.0 wickets";"K Rabada"
1304093.0;"Kolkata Knight Riders";"Rajasthan Royals";"";"Kolkata Knight Riders won by 7.0 wickets";"RK Singh"
1304092.0;"Chennai Super Kings";"Sunrisers Hyderabad";"";"Chennai Super Kings won by 13.0 runs";"RD Gaikwad"
1304091.0;"Lucknow Super Giants";"Delhi Capitals";"";"Lucknow Super Giants won by 6.0 runs";"Mohsin Khan"
1304090.0;"Mumbai Indians";"Rajasthan Royals";"";"Mumbai Indians won by 5.0 wickets";"SA Yadav"
1304089.0;"Gujarat Titans";"Royal Challengers Bangalore";"";"Gujarat Titans won by 6.0 wickets";"R Tewatia"
1304088.0;"Lucknow Super Giants";"Punjab Kings";"";"Lucknow Super Giants won by 20.0 runs";"KH Pandya"
1304087.0;"Delhi Capitals";"Kolkata Knight Riders";"";"Delhi Capitals won by 4.0 wickets";"Kuldeep Yadav"
1304086.0;"Gujarat Titans";"Sunrisers Hyderabad";"";"Gujarat Titans won by 5.0 wickets";"Umran Malik"
1304085.0;"Rajasthan Royals";"Royal Challengers Bangalore";"";"Rajasthan Royals won by 29.0 runs";"R Parag"
1304084.0;"Punjab Kings";"Chennai Super Kings";"";"Punjab Kings won by 11.0 runs";"S Dhawan"
1304083.0;"Lucknow Super Giants";"Mumbai Indians";"";"Lucknow Super Giants won by 36.0 runs";"KL Rahul"
1304082.0;"Sunrisers Hyderabad";"Royal Challengers Bangalore";"";"Sunrisers Hyderabad won by 9.0 wickets";"M Jansen"
1304081.0;"Gujarat Titans";"Kolkata Knight Riders";"";"Gujarat Titans won by 8.0 runs";"Rashid Khan"
1304080.0;"Rajasthan Royals";"Delhi Capitals";"";"Rajasthan Royals won by 15.0 runs";"JC Buttler"
1304079.0;"Chennai Super Kings";"Mumbai Indians";"";"Chennai Super Kings won by 3.0 wickets";"Mukesh Choudhary"
1304078.0;"Delhi Capitals";"Punjab Kings";"";"Delhi Capitals won by 9.0 wickets";"Kuldeep Yadav"
1304077.0;"Royal Challengers Bangalore";"Lucknow Super Giants";"";"Royal Challengers Bangalore won by 18.0 runs";"F du Plessis"
1304076.0;"Rajasthan Royals";"Kolkata Knight Riders";"";"Rajasthan Royals won by 7.0 runs";"YS Chahal"
1304075.0;"Gujarat Titans";"Chennai Super Kings";"";"Gujarat Titans won by 3.0 wickets";"DA Miller"
1304074.0;"Sunrisers Hyderabad";"Punjab Kings";"";"Sunrisers Hyderabad won by 7.0 wickets";"Umran Malik"
1304073.0;"Royal Challengers Bangalore";"Delhi Capitals";"";"Royal Challengers Bangalore won by 16.0 runs";"KD Karthik"
1304072.0;"Lucknow Super Giants";"Mumbai Indians";"";"Lucknow Super Giants won by 18.0 runs";"KL Rahul"
1304071.0;"Sunrisers Hyderabad";"Kolkata Knight Riders";"";"Sunrisers Hyderabad won by 7.0 wickets";"RA Tripathi"
1304070.0;"Gujarat Titans";"Rajasthan Royals";"";"Gujarat Titans won by 37.0 runs";"HH Pandya"
1304069.0;"Punjab Kings";"Mumbai Indians";"";"Punjab Kings won by 12.0 runs";"MA Agarwal"
1304068.0;"Chennai Super Kings";"Royal Challengers Bangalore";"";"Chennai Super Kings won by 23.0 runs";"S Dube"
1304067.0;"Sunrisers Hyderabad";"Gujarat Titans";"";"Sunrisers Hyderabad won by 8.0 wickets";"KS Williamson"
1304066.0;"Rajasthan Royals";"Lucknow Super Giants";"";"Rajasthan Royals won by 3.0 runs";"YS Chahal"
1304065.0;"Delhi Capitals";"Kolkata Knight Riders";"";"Delhi Capitals won by 44.0 runs";"Kuldeep Yadav"
1304064.0;"Royal Challengers Bangalore";"Mumbai Indians";"";"Royal Challengers Bangalore won by 7.0 wickets";"Anuj Rawat"
1304063.0;"Sunrisers Hyderabad";"Chennai Super Kings";"";"Sunrisers Hyderabad won by 8.0 wickets";"Abhishek Sharma"
1304062.0;"Gujarat Titans";"Punjab Kings";"";"Gujarat Titans won by 6.0 wickets";"Shubman Gill"
1304061.0;"Lucknow Super Giants";"Delhi Capitals";"";"Lucknow Super Giants won by 6.0 wickets";"Q de Kock"
1304060.0;"Kolkata Knight Riders";"Mumbai Indians";"";"Kolkata Knight Riders won by 5.0 wickets";"PJ Cummins"
1304059.0;"Royal Challengers Bangalore";"Rajasthan Royals";"";"Royal Challengers Bangalore won by 4.0 wickets";"KD Karthik"
1304058.0;"Lucknow Super Giants";"Sunrisers Hyderabad";"";"Lucknow Super Giants won by 12.0 runs";"Avesh Khan"
1304057.0;"Punjab Kings";"Chennai Super Kings";"";"Punjab Kings won by 54.0 runs";"LS Livingstone"
1304056.0;"Gujarat Titans";"Delhi Capitals";"";"Gujarat Titans won by 14.0 runs";"LH Ferguson"
1304055.0;"Rajasthan Royals";"Mumbai Indians";"";"Rajasthan Royals won by 23.0 runs";"JC Buttler"
1304054.0;"Kolkata Knight Riders";"Punjab Kings";"";"Kolkata Knight Riders won by 6.0 wickets";"UT Yadav"
1304053.0;"Lucknow Super Giants";"Chennai Super Kings";"";"Lucknow Super Giants won by 6.0 wickets";"E Lewis"
1304052.0;"Royal Challengers Bangalore";"Kolkata Knight Riders";"";"Royal Challengers Bangalore won by 3.0 wickets";"PWH de Silva"
1304051.0;"Rajasthan Royals";"Sunrisers Hyderabad";"";"Rajasthan Royals won by 61.0 runs";"SV Samson"
1304050.0;"Gujarat Titans";"Lucknow Super Giants";"";"Gujarat Titans won by 5.0 wickets";"Mohammed Shami"
1304049.0;"Punjab Kings";"Royal Challengers Bangalore";"";"Punjab Kings won by 5.0 wickets";"OF Smith"
1304048.0;"Delhi Capitals";"Mumbai Indians";"";"Delhi Capitals won by 4.0 wickets";"Kuldeep Yadav"
1304047.0;"Kolkata Knight Riders";"Chennai Super Kings";"";"Kolkata Knight Riders won by 6.0 wickets";"UT Yadav"
1254117.0;"Chennai Super Kings";"Kolkata Knight Riders";"";"Chennai Super Kings won by 27.0 runs";"F du Plessis"
1254116.0;"Kolkata Knight Riders";"Delhi Capitals";"";"Kolkata Knight Riders won by 3.0 wickets";"VR Iyer"
1254115.0;"Kolkata Knight Riders";"Royal Challengers Bangalore";"";"Kolkata Knight Riders won by 4.0 wickets";"SP Narine"
1254114.0;"Chennai Super Kings";"Delhi Capitals";"";"Chennai Super Kings won by 4.0 wickets";"RD Gaikwad"
1254101.0;"Royal Challengers Bangalore";"Delhi Capitals";"";"Royal Challengers Bangalore won by 7.0 wickets";"KS Bharat"
1254088.0;"Mumbai Indians";"Sunrisers Hyderabad";"";"Mumbai Indians won by 42.0 runs";"Ishan Kishan"
1254106.0;"Kolkata Knight Riders";"Rajasthan Royals";"";"Kolkata Knight Riders won by 86.0 runs";"Shivam Mavi"
1254094.0;"Punjab Kings";"Chennai Super Kings";"";"Punjab Kings won by 6.0 wickets";"KL Rahul"
1254095.0;"Sunrisers Hyderabad";"Royal Challengers Bangalore";"";"Sunrisers Hyderabad won by 4.0 runs";"KS Williamson"
1254093.0;"Mumbai Indians";"Rajasthan Royals";"";"Mumbai Indians won by 8.0 wickets";"NM Coulter-Nile"
1254110.0;"Delhi Capitals";"Chennai Super Kings";"";"Delhi Capitals won by 3.0 wickets";"AR Patel"
1254090.0;"Royal Challengers Bangalore";"Punjab Kings";"";"Royal Challengers Bangalore won by 6.0 runs";"GJ Maxwell"
1254109.0;"Kolkata Knight Riders";"Sunrisers Hyderabad";"";"Kolkata Knight Riders won by 6.0 wickets";"Shubman Gill"
1254112.0;"Delhi Capitals";"Mumbai Indians";"";"Delhi Capitals won by 4.0 wickets";"AR Patel"
1254089.0;"Rajasthan Royals";"Chennai Super Kings";"";"Rajasthan Royals won by 7.0 wickets";"RD Gaikwad"
1254102.0;"Punjab Kings";"Kolkata Knight Riders";"";"Punjab Kings won by 5.0 wickets";"KL Rahul"
1254091.0;"Chennai Super Kings";"Sunrisers Hyderabad";"";"Chennai Super Kings won by 6.0 wickets";"JR Hazlewood"
1254103.0;"Royal Challengers Bangalore";"Rajasthan Royals";"";"Royal Challengers Bangalore won by 7.0 wickets";"YS Chahal"
1254099.0;"Mumbai Indians";"Punjab Kings";"";"Mumbai Indians won by 6.0 wickets";"KA Pollard"
1254092.0;"Kolkata Knight Riders";"Delhi Capitals";"";"Kolkata Knight Riders won by 3.0 wickets";"SP Narine"
1254100.0;"Sunrisers Hyderabad";"Rajasthan Royals";"";"Sunrisers Hyderabad won by 7.0 wickets";"JJ Roy"
1254098.0;"Chennai Super Kings";"Kolkata Knight Riders";"";"Chennai Super Kings won by 2.0 wickets";"RA Jadeja"
1254108.0;"Royal Challengers Bangalore";"Mumbai Indians";"";"Royal Challengers Bangalore won by 54.0 runs";"GJ Maxwell"
1254097.0;"Delhi Capitals";"Rajasthan Royals";"";"Delhi Capitals won by 33.0 runs";"SS Iyer"
1254107.0;"Punjab Kings";"Sunrisers Hyderabad";"";"Punjab Kings won by 5.0 runs";"JO Holder"
1254113.0;"Chennai Super Kings";"Royal Challengers Bangalore";"";"Chennai Super Kings won by 6.0 wickets";"DJ Bravo"
1254096.0;"Kolkata Knight Riders";"Mumbai Indians";"";"Kolkata Knight Riders won by 7.0 wickets";"SP Narine"
1254105.0;"Delhi Capitals";"Sunrisers Hyderabad";"";"Delhi Capitals won by 8.0 wickets";"A Nortje"
1254111.0;"Rajasthan Royals";"Punjab Kings";"";"Rajasthan Royals won by 2.0 runs";"Kartik Tyagi"
1254087.0;"Kolkata Knight Riders";"Royal Challengers Bangalore";"";"Kolkata Knight Riders won by 9.0 wickets";"CV Varun"
1254104.0;"Chennai Super Kings";"Mumbai Indians";"";"Chennai Super Kings won by 20.0 runs";"RD Gaikwad"
1254086.0;"Delhi Capitals";"Punjab Kings";"";"Delhi Capitals won by 7.0 wickets";"MA Agarwal"
1254085.0;"Rajasthan Royals";"Sunrisers Hyderabad";"";"Rajasthan Royals won by 55.0 runs";"JC Buttler"
1254084.0;"Mumbai Indians";"Chennai Super Kings";"";"Mumbai Indians won by 4.0 wickets";"KA Pollard"
1254083.0;"Punjab Kings";"Royal Challengers Bangalore";"";"Punjab Kings won by 34.0 runs";"Harpreet Brar"
1254082.0;"Delhi Capitals";"Kolkata Knight Riders";"";"Delhi Capitals won by 7.0 wickets";"PP Shaw"
1254081.0;"Mumbai Indians";"Rajasthan Royals";"";"Mumbai Indians won by 7.0 wickets";"Q de Kock"
1254080.0;"Chennai Super Kings";"Sunrisers Hyderabad";"";"Chennai Super Kings won by 7.0 wickets";"RD Gaikwad"
1254079.0;"Royal Challengers Bangalore";"Delhi Capitals";"";"Royal Challengers Bangalore won by 1.0 runs";"AB de Villiers"
1254078.0;"Kolkata Knight Riders";"Punjab Kings";"";"Kolkata Knight Riders won by 5.0 wickets";"EJG Morgan"
1254077.0;"Delhi Capitals";"Sunrisers Hyderabad";"";"Match tied";"PP Shaw"
1254076.0;"Chennai Super Kings";"Royal Challengers Bangalore";"";"Chennai Super Kings won by 69.0 runs";"RA Jadeja"
1254075.0;"Rajasthan Royals";"Kolkata Knight Riders";"";"Rajasthan Royals won by 6.0 wickets";"CH Morris"
1254074.0;"Punjab Kings";"Mumbai Indians";"";"Punjab Kings won by 9.0 wickets";"KL Rahul"
1254073.0;"Royal Challengers Bangalore";"Rajasthan Royals";"";"Royal Challengers Bangalore won by 10.0 wickets";"D Padikkal"
1254072.0;"Chennai Super Kings";"Kolkata Knight Riders";"";"Chennai Super Kings won by 18.0 runs";"F du Plessis"
1254071.0;"Sunrisers Hyderabad";"Punjab Kings";"";"Sunrisers Hyderabad won by 9.0 wickets";"JM Bairstow"
1254070.0;"Delhi Capitals";"Mumbai Indians";"";"Delhi Capitals won by 6.0 wickets";"A Mishra"
1254069.0;"Chennai Super Kings";"Rajasthan Royals";"";"Chennai Super Kings won by 45.0 runs";"MM Ali"
1254068.0;"Delhi Capitals";"Punjab Kings";"";"Delhi Capitals won by 6.0 wickets";"S Dhawan"
1254067.0;"Royal Challengers Bangalore";"Kolkata Knight Riders";"";"Royal Challengers Bangalore won by 38.0 runs";"AB de Villiers"
1254066.0;"Mumbai Indians";"Sunrisers Hyderabad";"";"Mumbai Indians won by 13.0 runs";"KA Pollard"
1254065.0;"Chennai Super Kings";"Punjab Kings";"";"Chennai Super Kings won by 6.0 wickets";"DL Chahar"
1254064.0;"Rajasthan Royals";"Delhi Capitals";"";"Rajasthan Royals won by 3.0 wickets";"JD Unadkat"
1254063.0;"Royal Challengers Bangalore";"Sunrisers Hyderabad";"";"Royal Challengers Bangalore won by 6.0 runs";"GJ Maxwell"
1254062.0;"Mumbai Indians";"Kolkata Knight Riders";"";"Mumbai Indians won by 10.0 runs";"RD Chahar"
1254061.0;"Punjab Kings";"Rajasthan Royals";"";"Punjab Kings won by 4.0 runs";"SV Samson"
1254060.0;"Kolkata Knight Riders";"Sunrisers Hyderabad";"";"Kolkata Knight Riders won by 10.0 runs";"N Rana"
1254059.0;"Delhi Capitals";"Chennai Super Kings";"";"Delhi Capitals won by 7.0 wickets";"S Dhawan"
1254058.0;"Royal Challengers Bangalore";"Mumbai Indians";"";"Royal Challengers Bangalore won by 2.0 wickets";"HV Patel"
1237181.0;"Mumbai Indians";"Delhi Capitals";"";"Mumbai Indians won by 5.0 wickets";"TA Boult"
1237180.0;"Delhi Capitals";"Sunrisers Hyderabad";"";"Delhi Capitals won by 17.0 runs";"MP Stoinis"
1237178.0;"Sunrisers Hyderabad";"Royal Challengers Bangalore";"";"Sunrisers Hyderabad won by 6.0 wickets";"KS Williamson"
1237177.0;"Mumbai Indians";"Delhi Capitals";"";"Mumbai Indians won by 57.0 runs";"JJ Bumrah"
1216495.0;"Sunrisers Hyderabad";"Mumbai Indians";"";"Sunrisers Hyderabad won by 10.0 wickets";"S Nadeem"
1216505.0;"Delhi Capitals";"Royal Challengers Bangalore";"";"Delhi Capitals won by 6.0 wickets";"A Nortje"
1216530.0;"Kolkata Knight Riders";"Rajasthan Royals";"";"Kolkata Knight Riders won by 60.0 runs";"PJ Cummins"
1216506.0;"Chennai Super Kings";"Punjab Kings";"";"Chennai Super Kings won by 9.0 wickets";"RD Gaikwad"
1216535.0;"Mumbai Indians";"Delhi Capitals";"";"Mumbai Indians won by 9.0 wickets";"Ishan Kishan"
1216502.0;"Sunrisers Hyderabad";"Royal Challengers Bangalore";"";"Sunrisers Hyderabad won by 5.0 wickets";"Sandeep Sharma"
1216537.0;"Rajasthan Royals";"Punjab Kings";"";"Rajasthan Royals won by 7.0 wickets";"BA Stokes"
1216536.0;"Chennai Super Kings";"Kolkata Knight Riders";"";"Chennai Super Kings won by 6.0 wickets";"RD Gaikwad"
1216499.0;"Mumbai Indians";"Royal Challengers Bangalore";"";"Mumbai Indians won by 5.0 wickets";"SA Yadav"
1216524.0;"Sunrisers Hyderabad";"Delhi Capitals";"";"Sunrisers Hyderabad won by 88.0 runs";"WP Saha"
1216520.0;"Punjab Kings";"Kolkata Knight Riders";"";"Punjab Kings won by 8.0 wickets";"CH Gayle"
1216541.0;"Rajasthan Royals";"Mumbai Indians";"";"Rajasthan Royals won by 8.0 wickets";"BA Stokes"
1216544.0;"Chennai Super Kings";"Royal Challengers Bangalore";"";"Chennai Super Kings won by 8.0 wickets";"RD Gaikwad"
1216498.0;"Punjab Kings";"Sunrisers Hyderabad";"";"Punjab Kings won by 12.0 runs";"CJ Jordan"
1216497.0;"Kolkata Knight Riders";"Delhi Capitals";"";"Kolkata Knight Riders won by 59.0 runs";"CV Varun"
1216521.0;"Mumbai Indians";"Chennai Super Kings";"";"Mumbai Indians won by 10.0 wickets";"TA Boult"
1216518.0;"Sunrisers Hyderabad";"Rajasthan Royals";"";"Sunrisers Hyderabad won by 8.0 wickets";"MK Pandey"
1216494.0;"Royal Challengers Bangalore";"Kolkata Knight Riders";"";"Royal Challengers Bangalore won by 8.0 wickets";"Mohammed Siraj"
1216546.0;"Punjab Kings";"Delhi Capitals";"";"Punjab Kings won by 5.0 wickets";"S Dhawan"
1216533.0;"Rajasthan Royals";"Chennai Super Kings";"";"Rajasthan Royals won by 7.0 wickets";"JC Buttler"
1216512.0;"Kolkata Knight Riders";"Sunrisers Hyderabad";"";"Match tied";"LH Ferguson"
1216517.0;"Punjab Kings";"Mumbai Indians";"";"Match tied";"KL Rahul"
1216522.0;"Royal Challengers Bangalore";"Rajasthan Royals";"";"Royal Challengers Bangalore won by 7.0 wickets";"AB de Villiers"
1216509.0;"Delhi Capitals";"Chennai Super Kings";"";"Delhi Capitals won by 5.0 wickets";"S Dhawan"
1216526.0;"Mumbai Indians";"Kolkata Knight Riders";"";"Mumbai Indians won by 8.0 wickets";"Q de Kock"
1216531.0;"Punjab Kings";"Royal Challengers Bangalore";"";"Punjab Kings won by 8.0 wickets";"KL Rahul"
1216543.0;"Delhi Capitals";"Rajasthan Royals";"";"Delhi Capitals won by 13.0 runs";"A Nortje"
1216528.0;"Chennai Super Kings";"Sunrisers Hyderabad";"";"Chennai Super Kings won by 20.0 runs";"RA Jadeja"
1216540.0;"Royal Challengers Bangalore";"Kolkata Knight Riders";"";"Royal Challengers Bangalore won by 82.0 runs";"AB de Villiers"
1216507.0;"Rajasthan Royals";"Sunrisers Hyderabad";"";"Rajasthan Royals won by 5.0 wickets";"R Tewatia"
1216529.0;"Mumbai Indians";"Delhi Capitals";"";"Mumbai Indians won by 5.0 wickets";"Q de Kock"
1216523.0;"Kolkata Knight Riders";"Punjab Kings";"";"Kolkata Knight Riders won by 2.0 runs";"KD Karthik"
1216525.0;"Royal Challengers Bangalore";"Chennai Super Kings";"";"Royal Challengers Bangalore won by 37.0 runs";"V Kohli"
1216500.0;"Delhi Capitals";"Rajasthan Royals";"";"Delhi Capitals won by 46.0 runs";"R Ashwin"
1216542.0;"Sunrisers Hyderabad";"Punjab Kings";"";"Sunrisers Hyderabad won by 69.0 runs";"JM Bairstow"
1216501.0;"Kolkata Knight Riders";"Chennai Super Kings";"";"Kolkata Knight Riders won by 10.0 runs";"RA Tripathi"
1216511.0;"Mumbai Indians";"Rajasthan Royals";"";"Mumbai Indians won by 57.0 runs";"SA Yadav"
1216519.0;"Delhi Capitals";"Royal Challengers Bangalore";"";"Delhi Capitals won by 59.0 runs";"AR Patel"
1216513.0;"Chennai Super Kings";"Punjab Kings";"";"Chennai Super Kings won by 10.0 wickets";"SR Watson"
1216538.0;"Mumbai Indians";"Sunrisers Hyderabad";"";"Mumbai Indians won by 34.0 runs";"TA Boult"
1216514.0;"Royal Challengers Bangalore";"Rajasthan Royals";"";"Royal Challengers Bangalore won by 8.0 wickets";"YS Chahal"
1216515.0;"Delhi Capitals";"Kolkata Knight Riders";"";"Delhi Capitals won by 18.0 runs";"SS Iyer"
1216516.0;"Sunrisers Hyderabad";"Chennai Super Kings";"";"Sunrisers Hyderabad won by 7.0 runs";"PK Garg"
1216503.0;"Mumbai Indians";"Punjab Kings";"";"Mumbai Indians won by 48.0 runs";"KA Pollard"
1216504.0;"Kolkata Knight Riders";"Rajasthan Royals";"";"Kolkata Knight Riders won by 37.0 runs";"Shivam Mavi"
1216532.0;"Sunrisers Hyderabad";"Delhi Capitals";"";"Sunrisers Hyderabad won by 15.0 runs";"Rashid Khan"
1216547.0;"Royal Challengers Bangalore";"Mumbai Indians";"";"Match tied";"AB de Villiers"
1216527.0;"Rajasthan Royals";"Punjab Kings";"";"Rajasthan Royals won by 4.0 wickets";"SV Samson"
1216545.0;"Kolkata Knight Riders";"Sunrisers Hyderabad";"";"Kolkata Knight Riders won by 7.0 wickets";"Shubman Gill"
1216539.0;"Delhi Capitals";"Chennai Super Kings";"";"Delhi Capitals won by 44.0 runs";"PP Shaw"
1216510.0;"Punjab Kings";"Royal Challengers Bangalore";"";"Punjab Kings won by 97.0 runs";"KL Rahul"
1216508.0;"Mumbai Indians";"Kolkata Knight Riders";"";"Mumbai Indians won by 49.0 runs";"RG Sharma"
1216496.0;"Rajasthan Royals";"Chennai Super Kings";"";"Rajasthan Royals won by 16.0 runs";"SV Samson"
1216534.0;"Royal Challengers Bangalore";"Sunrisers Hyderabad";"";"Royal Challengers Bangalore won by 10.0 runs";"YS Chahal"
1216493.0;"Delhi Capitals";"Punjab Kings";"";"Match tied";"MP Stoinis"
1216492.0;"Chennai Super Kings";"Mumbai Indians";"";"Chennai Super Kings won by 5.0 wickets";"AT Rayudu"
1181768.0;"Mumbai Indians";"Chennai Super Kings";"";"Mumbai Indians won by 1.0 runs";"JJ Bumrah"
1181767.0;"Chennai Super Kings";"Delhi Capitals";"";"Chennai Super Kings won by 6.0 wickets";"F du Plessis"
1181766.0;"Delhi Capitals";"Sunrisers Hyderabad";"";"Delhi Capitals won by 2.0 wickets";"RR Pant"
1181764.0;"Mumbai Indians";"Chennai Super Kings";"";"Mumbai Indians won by 6.0 wickets";"SA Yadav"
1178430.0;"Punjab Kings";"Chennai Super Kings";"";"Punjab Kings won by 6.0 wickets";"KL Rahul"
1178431.0;"Mumbai Indians";"Kolkata Knight Riders";"";"Mumbai Indians won by 9.0 wickets";"HH Pandya"
1178429.0;"Royal Challengers Bangalore";"Sunrisers Hyderabad";"";"Royal Challengers Bangalore won by 4.0 wickets";"SO Hetmyer"
1178428.0;"Delhi Capitals";"Rajasthan Royals";"";"Delhi Capitals won by 5.0 wickets";"A Mishra"
1178427.0;"Kolkata Knight Riders";"Punjab Kings";"";"Kolkata Knight Riders won by 7.0 wickets";"Shubman Gill"
1178426.0;"Mumbai Indians";"Sunrisers Hyderabad";"";"Match tied";"JJ Bumrah"
1178425.0;"Chennai Super Kings";"Delhi Capitals";"";"Chennai Super Kings won by 80.0 runs";"MS Dhoni"
1178424.0;"";"N";"";"Match tied";""
1178423.0;"Sunrisers Hyderabad";"Punjab Kings";"";"Sunrisers Hyderabad won by 45.0 runs";"DA Warner"
1178422.0;"Kolkata Knight Riders";"Mumbai Indians";"";"Kolkata Knight Riders won by 34.0 runs";"AD Russell"
1178421.0;"Delhi Capitals";"Royal Challengers Bangalore";"";"Delhi Capitals won by 16.0 runs";"S Dhawan"
1178420.0;"Rajasthan Royals";"Sunrisers Hyderabad";"";"Rajasthan Royals won by 7.0 wickets";"JD Unadkat"
1178419.0;"Mumbai Indians";"Chennai Super Kings";"";"Mumbai Indians won by 46.0 runs";"RG Sharma"
1178418.0;"Rajasthan Royals";"Kolkata Knight Riders";"";"Rajasthan Royals won by 3.0 wickets";"VR Aaron"
1178417.0;"Royal Challengers Bangalore";"Punjab Kings";"";"Royal Challengers Bangalore won by 17.0 runs";"AB de Villiers"
1178416.0;"Chennai Super Kings";"Sunrisers Hyderabad";"";"Chennai Super Kings won by 6.0 wickets";"SR Watson"
1178415.0;"Delhi Capitals";"Rajasthan Royals";"";"Delhi Capitals won by 6.0 wickets";"RR Pant"
1178413.0;"Sunrisers Hyderabad";"Kolkata Knight Riders";"";"Sunrisers Hyderabad won by 9.0 wickets";"KK Ahmed"
1178414.0;"Royal Challengers Bangalore";"Chennai Super Kings";"";"Royal Challengers Bangalore won by 1.0 runs";"PA Patel"
1178412.0;"Delhi Capitals";"Punjab Kings";"";"Delhi Capitals won by 5.0 wickets";"SS Iyer"
1178411.0;"Rajasthan Royals";"Mumbai Indians";"";"Rajasthan Royals won by 5.0 wickets";"SPD Smith"
1178410.0;"Royal Challengers Bangalore";"Kolkata Knight Riders";"";"Royal Challengers Bangalore won by 10.0 runs";"V Kohli"
1178409.0;"Mumbai Indians";"Delhi Capitals";"";"Mumbai Indians won by 40.0 runs";"HH Pandya"
1178408.0;"Sunrisers Hyderabad";"Chennai Super Kings";"";"Sunrisers Hyderabad won by 6.0 wickets";"DA Warner"
1178407.0;"Punjab Kings";"Rajasthan Royals";"";"Punjab Kings won by 12.0 runs";"R Ashwin"
1178406.0;"Mumbai Indians";"Royal Challengers Bangalore";"";"Mumbai Indians won by 5.0 wickets";"SL Malinga"
1178404.0;"Chennai Super Kings";"Kolkata Knight Riders";"";"Chennai Super Kings won by 5.0 wickets";"Imran Tahir"
1178405.0;"Delhi Capitals";"Sunrisers Hyderabad";"";"Delhi Capitals won by 39.0 runs";"KMA Paul"
1178402.0;"Rajasthan Royals";"Mumbai Indians";"";"Rajasthan Royals won by 4.0 wickets";"JC Buttler"
1178403.0;"Royal Challengers Bangalore";"Punjab Kings";"";"Royal Challengers Bangalore won by 8.0 wickets";"AB de Villiers"
1178401.0;"Delhi Capitals";"Kolkata Knight Riders";"";"Delhi Capitals won by 7.0 wickets";"S Dhawan"
1178400.0;"Chennai Super Kings";"Rajasthan Royals";"";"Chennai Super Kings won by 4.0 wickets";"MS Dhoni"
1178399.0;"Mumbai Indians";"Punjab Kings";"";"Mumbai Indians won by 3.0 wickets";"KA Pollard"
1178398.0;"Chennai Super Kings";"Kolkata Knight Riders";"";"Chennai Super Kings won by 7.0 wickets";"DL Chahar"
1178397.0;"Punjab Kings";"Sunrisers Hyderabad";"";"Punjab Kings won by 6.0 wickets";"KL Rahul"
1178396.0;"Kolkata Knight Riders";"Rajasthan Royals";"";"Kolkata Knight Riders won by 8.0 wickets";"HF Gurney"
1178395.0;"Delhi Capitals";"Royal Challengers Bangalore";"";"Delhi Capitals won by 4.0 wickets";"K Rabada"
1178394.0;"Mumbai Indians";"Sunrisers Hyderabad";"";"Mumbai Indians won by 40.0 runs";"AS Joseph"
1178393.0;"Chennai Super Kings";"Punjab Kings";"";"Chennai Super Kings won by 22.0 runs";"Harbhajan Singh"
1175372.0;"Kolkata Knight Riders";"Royal Challengers Bangalore";"";"Kolkata Knight Riders won by 5.0 wickets";"AD Russell"
1175371.0;"Sunrisers Hyderabad";"Delhi Capitals";"";"Sunrisers Hyderabad won by 5.0 wickets";"JM Bairstow"
1175370.0;"Mumbai Indians";"Chennai Super Kings";"";"Mumbai Indians won by 37.0 runs";"HH Pandya"
1175369.0;"Rajasthan Royals";"Royal Challengers Bangalore";"";"Rajasthan Royals won by 7.0 wickets";"S Gopal"
1175368.0;"Punjab Kings";"Delhi Capitals";"";"Punjab Kings won by 14.0 runs";"SM Curran"
1175366.0;"Sunrisers Hyderabad";"Royal Challengers Bangalore";"";"Sunrisers Hyderabad won by 118.0 runs";"JM Bairstow"
1175367.0;"Chennai Super Kings";"Rajasthan Royals";"";"Chennai Super Kings won by 8.0 runs";"MS Dhoni"
1175365.0;"Delhi Capitals";"Kolkata Knight Riders";"";"Match tied";"PP Shaw"
1175364.0;"Punjab Kings";"Mumbai Indians";"";"Punjab Kings won by 8.0 wickets";"MA Agarwal"
1175363.0;"Sunrisers Hyderabad";"Rajasthan Royals";"";"Sunrisers Hyderabad won by 5.0 wickets";"Rashid Khan"
1175362.0;"Mumbai Indians";"Royal Challengers Bangalore";"";"Mumbai Indians won by 6.0 runs";"JJ Bumrah"
1175361.0;"Kolkata Knight Riders";"Punjab Kings";"";"Kolkata Knight Riders won by 28.0 runs";"AD Russell"
1175360.0;"Chennai Super Kings";"Delhi Capitals";"";"Chennai Super Kings won by 6.0 wickets";"SR Watson"
1175359.0;"Punjab Kings";"Rajasthan Royals";"";"Punjab Kings won by 14.0 runs";"CH Gayle"
1175358.0;"Delhi Capitals";"Mumbai Indians";"";"Delhi Capitals won by 37.0 runs";"RR Pant"
1175357.0;"Kolkata Knight Riders";"Sunrisers Hyderabad";"";"Kolkata Knight Riders won by 6.0 wickets";"AD Russell"
1175356.0;"Chennai Super Kings";"Royal Challengers Bangalore";"";"Chennai Super Kings won by 7.0 wickets";"Harbhajan Singh"
1136620.0;"Chennai Super Kings";"Sunrisers Hyderabad";"";"Chennai Super Kings won by 8.0 wickets";"SR Watson"
1136619.0;"Sunrisers Hyderabad";"Kolkata Knight Riders";"";"Sunrisers Hyderabad won by 14.0 runs";"Rashid Khan"
1136618.0;"Kolkata Knight Riders";"Rajasthan Royals";"";"Kolkata Knight Riders won by 25.0 runs";"AD Russell"
1136617.0;"Chennai Super Kings";"Sunrisers Hyderabad";"";"Chennai Super Kings won by 2.0 wickets";"F du Plessis"
1136616.0;"Chennai Super Kings";"Punjab Kings";"";"Chennai Super Kings won by 5.0 wickets";"L Ngidi"
1136615.0;"Delhi Capitals";"Mumbai Indians";"";"Delhi Capitals won by 11.0 runs";"A Mishra"
1136614.0;"Kolkata Knight Riders";"Sunrisers Hyderabad";"";"Kolkata Knight Riders won by 5.0 wickets";"CA Lynn"
1136613.0;"Rajasthan Royals";"Royal Challengers Bangalore";"";"Rajasthan Royals won by 30.0 runs";"S Gopal"
1136612.0;"Delhi Capitals";"Chennai Super Kings";"";"Delhi Capitals won by 34.0 runs";"HV Patel"
1136611.0;"Royal Challengers Bangalore";"Sunrisers Hyderabad";"";"Royal Challengers Bangalore won by 14.0 runs";"AB de Villiers"
1136610.0;"Mumbai Indians";"Punjab Kings";"";"Mumbai Indians won by 3.0 runs";"JJ Bumrah"
1136609.0;"Kolkata Knight Riders";"Rajasthan Royals";"";"Kolkata Knight Riders won by 6.0 wickets";"Kuldeep Yadav"
1136608.0;"Royal Challengers Bangalore";"Punjab Kings";"";"Royal Challengers Bangalore won by 10.0 wickets";"UT Yadav"
1136607.0;"Rajasthan Royals";"Mumbai Indians";"";"Rajasthan Royals won by 7.0 wickets";"JC Buttler"
1136606.0;"Chennai Super Kings";"Sunrisers Hyderabad";"";"Chennai Super Kings won by 8.0 wickets";"AT Rayudu"
1136605.0;"Royal Challengers Bangalore";"Delhi Capitals";"";"Royal Challengers Bangalore won by 5.0 wickets";"AB de Villiers"
1136604.0;"Kolkata Knight Riders";"Punjab Kings";"";"Kolkata Knight Riders won by 31.0 runs";"SP Narine"
1136603.0;"Rajasthan Royals";"Chennai Super Kings";"";"Rajasthan Royals won by 4.0 wickets";"JC Buttler"
1136602.0;"Sunrisers Hyderabad";"Delhi Capitals";"";"Sunrisers Hyderabad won by 9.0 wickets";"S Dhawan"
1136601.0;"Mumbai Indians";"Kolkata Knight Riders";"";"Mumbai Indians won by 102.0 runs";"Ishan Kishan"
1136600.0;"Rajasthan Royals";"Punjab Kings";"";"Rajasthan Royals won by 15.0 runs";"JC Buttler"
1136599.0;"Sunrisers Hyderabad";"Royal Challengers Bangalore";"";"Sunrisers Hyderabad won by 5.0 runs";"KS Williamson"
1136598.0;"Punjab Kings";"Rajasthan Royals";"";"Punjab Kings won by 6.0 wickets";"Mujeeb Ur Rahman"
1136597.0;"Mumbai Indians";"Kolkata Knight Riders";"";"Mumbai Indians won by 13.0 runs";"HH Pandya"
1136596.0;"Sunrisers Hyderabad";"Delhi Capitals";"";"Sunrisers Hyderabad won by 7.0 wickets";"Rashid Khan"
1136595.0;"Chennai Super Kings";"Royal Challengers Bangalore";"";"Chennai Super Kings won by 6.0 wickets";"RA Jadeja"
1136594.0;"Mumbai Indians";"Punjab Kings";"";"Mumbai Indians won by 6.0 wickets";"SA Yadav"
1136593.0;"Kolkata Knight Riders";"Chennai Super Kings";"";"Kolkata Knight Riders won by 6.0 wickets";"SP Narine"
1136592.0;"Delhi Capitals";"Rajasthan Royals";"D/L";"Delhi Capitals won by 4.0 runs";"RR Pant"
1136591.0;"Royal Challengers Bangalore";"Mumbai Indians";"";"Royal Challengers Bangalore won by 14.0 runs";"TG Southee"
1136590.0;"Chennai Super Kings";"Delhi Capitals";"";"Chennai Super Kings won by 13.0 runs";"SR Watson"
1136588.0;"Sunrisers Hyderabad";"Rajasthan Royals";"";"Sunrisers Hyderabad won by 11.0 runs";"KS Williamson"
1136589.0;"Kolkata Knight Riders";"Royal Challengers Bangalore";"";"Kolkata Knight Riders won by 6.0 wickets";"CA Lynn"
1136587.0;"Mumbai Indians";"Chennai Super Kings";"";"Mumbai Indians won by 8.0 wickets";"RG Sharma"
1136586.0;"Delhi Capitals";"Kolkata Knight Riders";"";"Delhi Capitals won by 55.0 runs";"SS Iyer"
1136585.0;"Sunrisers Hyderabad";"Punjab Kings";"";"Sunrisers Hyderabad won by 13.0 runs";"AS Rajpoot"
1136584.0;"Chennai Super Kings";"Royal Challengers Bangalore";"";"Chennai Super Kings won by 5.0 wickets";"MS Dhoni"
1136583.0;"Sunrisers Hyderabad";"Mumbai Indians";"";"Sunrisers Hyderabad won by 31.0 runs";"Rashid Khan"
1136582.0;"Punjab Kings";"Delhi Capitals";"";"Punjab Kings won by 4.0 runs";"AS Rajpoot"
1136581.0;"Rajasthan Royals";"Mumbai Indians";"";"Rajasthan Royals won by 3.0 wickets";"JC Archer"
1136580.0;"Chennai Super Kings";"Sunrisers Hyderabad";"";"Chennai Super Kings won by 4.0 runs";"AT Rayudu"
1136579.0;"Royal Challengers Bangalore";"Delhi Capitals";"";"Royal Challengers Bangalore won by 6.0 wickets";"AB de Villiers"
1136578.0;"Punjab Kings";"Kolkata Knight Riders";"D/L";"Punjab Kings won by 9.0 wickets";"KL Rahul"
1136577.0;"Chennai Super Kings";"Rajasthan Royals";"";"Chennai Super Kings won by 64.0 runs";"SR Watson"
1136576.0;"Punjab Kings";"Sunrisers Hyderabad";"";"Punjab Kings won by 15.0 runs";"CH Gayle"
1136575.0;"Kolkata Knight Riders";"Rajasthan Royals";"";"Kolkata Knight Riders won by 7.0 wickets";"N Rana"
1136574.0;"Mumbai Indians";"Royal Challengers Bangalore";"";"Mumbai Indians won by 46.0 runs";"RG Sharma"
1136573.0;"Kolkata Knight Riders";"Delhi Capitals";"";"Kolkata Knight Riders won by 71.0 runs";"N Rana"
1136572.0;"Punjab Kings";"Chennai Super Kings";"";"Punjab Kings won by 4.0 runs";"CH Gayle"
1136571.0;"Rajasthan Royals";"Royal Challengers Bangalore";"";"Rajasthan Royals won by 19.0 runs";"SV Samson"
1136570.0;"Sunrisers Hyderabad";"Kolkata Knight Riders";"";"Sunrisers Hyderabad won by 5.0 wickets";"B Stanlake"
1136569.0;"Delhi Capitals";"Mumbai Indians";"";"Delhi Capitals won by 7.0 wickets";"JJ Roy"
1136568.0;"Royal Challengers Bangalore";"Punjab Kings";"";"Royal Challengers Bangalore won by 4.0 wickets";"UT Yadav"
1136567.0;"Sunrisers Hyderabad";"Mumbai Indians";"";"Sunrisers Hyderabad won by 1.0 wickets";"Rashid Khan"
1136566.0;"Rajasthan Royals";"Delhi Capitals";"D/L";"Rajasthan Royals won by 10.0 runs";"SV Samson"
1136565.0;"Chennai Super Kings";"Kolkata Knight Riders";"";"Chennai Super Kings won by 5.0 wickets";"SW Billings"
1136564.0;"Sunrisers Hyderabad";"Rajasthan Royals";"";"Sunrisers Hyderabad won by 9.0 wickets";"S Dhawan"
1136562.0;"Punjab Kings";"Delhi Capitals";"";"Punjab Kings won by 6.0 wickets";"KL Rahul"
1136563.0;"Kolkata Knight Riders";"Royal Challengers Bangalore";"";"Kolkata Knight Riders won by 4.0 wickets";"SP Narine"
1136561.0;"Chennai Super Kings";"Mumbai Indians";"";"Chennai Super Kings won by 1.0 wickets";"DJ Bravo"
1082650.0;"Mumbai Indians";"Rising Pune Supergiants";"";"Mumbai Indians won by 1.0 runs";"KH Pandya"
1082649.0;"Mumbai Indians";"Kolkata Knight Riders";"";"Mumbai Indians won by 6.0 wickets";"KV Sharma"
1082648.0;"Kolkata Knight Riders";"Sunrisers Hyderabad";"D/L";"Kolkata Knight Riders won by 7.0 wickets";"NM Coulter-Nile"
1082647.0;"Rising Pune Supergiants";"Mumbai Indians";"";"Rising Pune Supergiants won by 20.0 runs";"Washington Sundar"
1082646.0;"Royal Challengers Bangalore";"Delhi Capitals";"";"Royal Challengers Bangalore won by 10.0 runs";"HV Patel"
1082645.0;"Rising Pune Supergiants";"Punjab Kings";"";"Rising Pune Supergiants won by 9.0 wickets";"JD Unadkat"
1082644.0;"Mumbai Indians";"Kolkata Knight Riders";"";"Mumbai Indians won by 9.0 runs";"AT Rayudu"
1082643.0;"Sunrisers Hyderabad";"Gujarat Lions";"";"Sunrisers Hyderabad won by 8.0 wickets";"Mohammed Siraj"
1082642.0;"Delhi Capitals";"Rising Pune Supergiants";"";"Delhi Capitals won by 7.0 runs";"KK Nair"
1082641.0;"Punjab Kings";"Mumbai Indians";"";"Punjab Kings won by 7.0 runs";"WP Saha"
1082640.0;"Delhi Capitals";"Gujarat Lions";"";"Delhi Capitals won by 2.0 wickets";"SS Iyer"
1082639.0;"Punjab Kings";"Kolkata Knight Riders";"";"Punjab Kings won by 14.0 runs";"MM Sharma"
1082638.0;"Sunrisers Hyderabad";"Mumbai Indians";"";"Sunrisers Hyderabad won by 7.0 wickets";"S Dhawan"
1082636.0;"Kolkata Knight Riders";"Royal Challengers Bangalore";"";"Kolkata Knight Riders won by 6.0 wickets";"SP Narine"
1082637.0;"Gujarat Lions";"Punjab Kings";"";"Gujarat Lions won by 6.0 wickets";"DR Smith"
1082635.0;"Mumbai Indians";"Delhi Capitals";"";"Mumbai Indians won by 146.0 runs";"LMP Simmons"
1082634.0;"Rising Pune Supergiants";"Sunrisers Hyderabad";"";"Rising Pune Supergiants won by 12.0 runs";"JD Unadkat"
1082633.0;"Punjab Kings";"Royal Challengers Bangalore";"";"Punjab Kings won by 19.0 runs";"Sandeep Sharma"
1082632.0;"Delhi Capitals";"Gujarat Lions";"";"Delhi Capitals won by 7.0 wickets";"RR Pant"
1082631.0;"Rising Pune Supergiants";"Kolkata Knight Riders";"";"Rising Pune Supergiants won by 4.0 wickets";"RA Tripathi"
1082630.0;"Delhi Capitals";"Sunrisers Hyderabad";"";"Delhi Capitals won by 6.0 wickets";"Mohammed Shami"
1082629.0;"Rising Pune Supergiants";"Gujarat Lions";"";"Rising Pune Supergiants won by 5.0 wickets";"BA Stokes"
1082628.0;"Mumbai Indians";"Royal Challengers Bangalore";"";"Mumbai Indians won by 5.0 wickets";"RG Sharma"
1082627.0;"Sunrisers Hyderabad";"Kolkata Knight Riders";"";"Sunrisers Hyderabad won by 48.0 runs";"DA Warner"
1082626.0;"Punjab Kings";"Delhi Capitals";"";"Punjab Kings won by 10.0 wickets";"Sandeep Sharma"
1082625.0;"Mumbai Indians";"Gujarat Lions";"";"Match tied";"KH Pandya"
1082624.0;"Rising Pune Supergiants";"Royal Challengers Bangalore";"";"Rising Pune Supergiants won by 61.0 runs";"LH Ferguson"
1082622.0;"Kolkata Knight Riders";"Delhi Capitals";"";"Kolkata Knight Riders won by 7.0 wickets";"G Gambhir"
1082623.0;"Sunrisers Hyderabad";"Punjab Kings";"";"Sunrisers Hyderabad won by 26.0 runs";"Rashid Khan"
1082621.0;"Gujarat Lions";"Royal Challengers Bangalore";"";"Gujarat Lions won by 7.0 wickets";"AJ Tye"
1082620.0;"Kolkata Knight Riders";"Rising Pune Supergiants";"";"Kolkata Knight Riders won by 7.0 wickets";"RV Uthappa"
1082618.0;"Rising Pune Supergiants";"Mumbai Indians";"";"Rising Pune Supergiants won by 3.0 runs";"BA Stokes"
1082617.0;"Kolkata Knight Riders";"Royal Challengers Bangalore";"";"Kolkata Knight Riders won by 82.0 runs";"NM Coulter-Nile"
1082616.0;"Punjab Kings";"Gujarat Lions";"";"Punjab Kings won by 26.0 runs";"HM Amla"
1082615.0;"Rising Pune Supergiants";"Sunrisers Hyderabad";"";"Rising Pune Supergiants won by 6.0 wickets";"MS Dhoni"
1082614.0;"Mumbai Indians";"Delhi Capitals";"";"Mumbai Indians won by 14.0 runs";"MJ McClenaghan"
1082613.0;"Gujarat Lions";"Kolkata Knight Riders";"";"Gujarat Lions won by 4.0 wickets";"SK Raina"
1082612.0;"Mumbai Indians";"Punjab Kings";"";"Mumbai Indians won by 8.0 wickets";"JC Buttler"
1082611.0;"Sunrisers Hyderabad";"Delhi Capitals";"";"Sunrisers Hyderabad won by 15.0 runs";"KS Williamson"
1082610.0;"Royal Challengers Bangalore";"Gujarat Lions";"";"Royal Challengers Bangalore won by 21.0 runs";"CH Gayle"
1082608.0;"Kolkata Knight Riders";"Delhi Capitals";"";"Kolkata Knight Riders won by 4.0 wickets";"NM Coulter-Nile"
1082609.0;"Sunrisers Hyderabad";"Punjab Kings";"";"Sunrisers Hyderabad won by 5.0 runs";"B Kumar"
1082607.0;"Rising Pune Supergiants";"Royal Challengers Bangalore";"";"Rising Pune Supergiants won by 27.0 runs";"BA Stokes"
1082606.0;"Mumbai Indians";"Gujarat Lions";"";"Mumbai Indians won by 6.0 wickets";"N Rana"
1082605.0;"Delhi Capitals";"Punjab Kings";"";"Delhi Capitals won by 51.0 runs";"CJ Anderson"
1082604.0;"Kolkata Knight Riders";"Sunrisers Hyderabad";"";"Kolkata Knight Riders won by 17.0 runs";"RV Uthappa"
1082603.0;"Gujarat Lions";"Rising Pune Supergiants";"";"Gujarat Lions won by 7.0 wickets";"AJ Tye"
1082602.0;"Mumbai Indians";"Royal Challengers Bangalore";"";"Mumbai Indians won by 4.0 wickets";"KA Pollard"
1082601.0;"Kolkata Knight Riders";"Punjab Kings";"";"Kolkata Knight Riders won by 8.0 wickets";"SP Narine"
1082600.0;"Mumbai Indians";"Sunrisers Hyderabad";"";"Mumbai Indians won by 4.0 wickets";"JJ Bumrah"
1082599.0;"Delhi Capitals";"Rising Pune Supergiants";"";"Delhi Capitals won by 97.0 runs";"SV Samson"
1082598.0;"Punjab Kings";"Royal Challengers Bangalore";"";"Punjab Kings won by 8.0 wickets";"AR Patel"
1082597.0;"Mumbai Indians";"Kolkata Knight Riders";"";"Mumbai Indians won by 4.0 wickets";"N Rana"
1082596.0;"Sunrisers Hyderabad";"Gujarat Lions";"";"Sunrisers Hyderabad won by 9.0 wickets";"Rashid Khan"
1082595.0;"Royal Challengers Bangalore";"Delhi Capitals";"";"Royal Challengers Bangalore won by 15.0 runs";"KM Jadhav"
1082594.0;"Punjab Kings";"Rising Pune Supergiants";"";"Punjab Kings won by 6.0 wickets";"GJ Maxwell"
1082593.0;"Kolkata Knight Riders";"Gujarat Lions";"";"Kolkata Knight Riders won by 10.0 wickets";"CA Lynn"
1082592.0;"Rising Pune Supergiants";"Mumbai Indians";"";"Rising Pune Supergiants won by 7.0 wickets";"SPD Smith"
1082591.0;"Sunrisers Hyderabad";"Royal Challengers Bangalore";"";"Sunrisers Hyderabad won by 35.0 runs";"Yuvraj Singh"
981019.0;"Sunrisers Hyderabad";"Royal Challengers Bangalore";"";"Sunrisers Hyderabad won by 8.0 runs";"BCJ Cutting"
981017.0;"Sunrisers Hyderabad";"Gujarat Lions";"";"Sunrisers Hyderabad won by 4.0 wickets";"DA Warner"
981015.0;"Sunrisers Hyderabad";"Kolkata Knight Riders";"";"Sunrisers Hyderabad won by 22.0 runs";"MC Henriques"
981013.0;"Royal Challengers Bangalore";"Gujarat Lions";"";"Royal Challengers Bangalore won by 4.0 wickets";"AB de Villiers"
981011.0;"Royal Challengers Bangalore";"Delhi Capitals";"";"Royal Challengers Bangalore won by 6.0 wickets";"V Kohli"
981009.0;"Kolkata Knight Riders";"Sunrisers Hyderabad";"";"Kolkata Knight Riders won by 22.0 runs";"YK Pathan"
981007.0;"Gujarat Lions";"Mumbai Indians";"";"Gujarat Lions won by 6.0 wickets";"SK Raina"
981005.0;"Rising Pune Supergiants";"Punjab Kings";"";"Rising Pune Supergiants won by 4.0 wickets";"MS Dhoni"
981003.0;"Delhi Capitals";"Sunrisers Hyderabad";"";"Delhi Capitals won by 6.0 wickets";"KK Nair"
981001.0;"Gujarat Lions";"Kolkata Knight Riders";"";"Gujarat Lions won by 6.0 wickets";"DR Smith"
980999.0;"Royal Challengers Bangalore";"Punjab Kings";"D/L";"Royal Challengers Bangalore won by 82.0 runs";"V Kohli"
980997.0;"Rising Pune Supergiants";"Delhi Capitals";"D/L";"Rising Pune Supergiants won by 19.0 runs";"AB Dinda"
980995.0;"Royal Challengers Bangalore";"Kolkata Knight Riders";"";"Royal Challengers Bangalore won by 9.0 wickets";"V Kohli"
980991.0;"Sunrisers Hyderabad";"Punjab Kings";"";"Sunrisers Hyderabad won by 7.0 wickets";"HM Amla"
980993.0;"Mumbai Indians";"Delhi Capitals";"";"Mumbai Indians won by 80.0 runs";"KH Pandya"
980987.0;"Royal Challengers Bangalore";"Gujarat Lions";"";"Royal Challengers Bangalore won by 144.0 runs";"AB de Villiers"
980989.0;"Kolkata Knight Riders";"Rising Pune Supergiants";"D/L";"Kolkata Knight Riders won by 8.0 wickets";"YK Pathan"
980985.0;"Punjab Kings";"Mumbai Indians";"";"Punjab Kings won by 7.0 wickets";"MP Stoinis"
980983.0;"Delhi Capitals";"Sunrisers Hyderabad";"";"Delhi Capitals won by 7.0 wickets";"CH Morris"
980981.0;"Mumbai Indians";"Royal Challengers Bangalore";"";"Mumbai Indians won by 6.0 wickets";"KH Pandya"
980979.0;"Sunrisers Hyderabad";"Rising Pune Supergiants";"";"Sunrisers Hyderabad won by 4.0 runs";"A Zampa"
980977.0;"Royal Challengers Bangalore";"Punjab Kings";"";"Royal Challengers Bangalore won by 1.0 runs";"SR Watson"
980975.0;"Gujarat Lions";"Kolkata Knight Riders";"";"Gujarat Lions won by 5.0 wickets";"P Kumar"
980973.0;"Sunrisers Hyderabad";"Mumbai Indians";"";"Sunrisers Hyderabad won by 85.0 runs";"A Nehra"
980971.0;"Punjab Kings";"Delhi Capitals";"";"Punjab Kings won by 9.0 runs";"MP Stoinis"
980969.0;"Royal Challengers Bangalore";"Rising Pune Supergiants";"";"Royal Challengers Bangalore won by 7.0 wickets";"V Kohli"
980967.0;"Sunrisers Hyderabad";"Gujarat Lions";"";"Sunrisers Hyderabad won by 5.0 wickets";"B Kumar"
980965.0;"Rising Pune Supergiants";"Delhi Capitals";"";"Rising Pune Supergiants won by 7.0 wickets";"AM Rahane"
980963.0;"Kolkata Knight Riders";"Punjab Kings";"";"Kolkata Knight Riders won by 7.0 runs";"AD Russell"
980961.0;"Delhi Capitals";"Gujarat Lions";"";"Delhi Capitals won by 8.0 wickets";"RR Pant"
980959.0;"Kolkata Knight Riders";"Royal Challengers Bangalore";"";"Kolkata Knight Riders won by 5.0 wickets";"AD Russell"
980955.0;"Punjab Kings";"Gujarat Lions";"";"Punjab Kings won by 23.0 runs";"AR Patel"
980957.0;"Mumbai Indians";"Rising Pune Supergiants";"";"Mumbai Indians won by 8.0 wickets";"RG Sharma"
980951.0;"Delhi Capitals";"Kolkata Knight Riders";"";"Delhi Capitals won by 27.0 runs";"CR Brathwaite"
980953.0;"Sunrisers Hyderabad";"Royal Challengers Bangalore";"";"Sunrisers Hyderabad won by 15.0 runs";"DA Warner"
980949.0;"Gujarat Lions";"Rising Pune Supergiants";"";"Gujarat Lions won by 3.0 wickets";"DR Smith"
980947.0;"Mumbai Indians";"Kolkata Knight Riders";"";"Mumbai Indians won by 6.0 wickets";"RG Sharma"
980945.0;"Gujarat Lions";"Delhi Capitals";"";"Gujarat Lions won by 1.0 runs";"CH Morris"
980943.0;"Rising Pune Supergiants";"Sunrisers Hyderabad";"D/L";"Rising Pune Supergiants won by 34.0 runs";"AB Dinda"
980941.0;"Mumbai Indians";"Punjab Kings";"";"Mumbai Indians won by 25.0 runs";"PA Patel"
980939.0;"Kolkata Knight Riders";"Rising Pune Supergiants";"";"Kolkata Knight Riders won by 2.0 wickets";"SA Yadav"
980937.0;"Gujarat Lions";"Royal Challengers Bangalore";"";"Gujarat Lions won by 6.0 wickets";"V Kohli"
980935.0;"Sunrisers Hyderabad";"Punjab Kings";"";"Sunrisers Hyderabad won by 5.0 wickets";"Mustafizur Rahman"
980933.0;"Delhi Capitals";"Mumbai Indians";"";"Delhi Capitals won by 10.0 runs";"SV Samson"
980931.0;"Royal Challengers Bangalore";"Rising Pune Supergiants";"";"Royal Challengers Bangalore won by 13.0 runs";"AB de Villiers"
980929.0;"Sunrisers Hyderabad";"Gujarat Lions";"";"Sunrisers Hyderabad won by 10.0 wickets";"B Kumar"
980927.0;"Mumbai Indians";"Royal Challengers Bangalore";"";"Mumbai Indians won by 6.0 wickets";"RG Sharma"
980925.0;"Kolkata Knight Riders";"Punjab Kings";"";"Kolkata Knight Riders won by 6.0 wickets";"RV Uthappa"
980923.0;"Sunrisers Hyderabad";"Mumbai Indians";"";"Sunrisers Hyderabad won by 7.0 wickets";"DA Warner"
980921.0;"Delhi Capitals";"Royal Challengers Bangalore";"";"Delhi Capitals won by 7.0 wickets";"Q de Kock"
980919.0;"Punjab Kings";"Rising Pune Supergiants";"";"Punjab Kings won by 6.0 wickets";"M Vohra"
980917.0;"Gujarat Lions";"Mumbai Indians";"";"Gujarat Lions won by 3.0 wickets";"AJ Finch"
980915.0;"Kolkata Knight Riders";"Sunrisers Hyderabad";"";"Kolkata Knight Riders won by 8.0 wickets";"G Gambhir"
980913.0;"Delhi Capitals";"Punjab Kings";"";"Delhi Capitals won by 8.0 wickets";"A Mishra"
980911.0;"Gujarat Lions";"Rising Pune Supergiants";"";"Gujarat Lions won by 7.0 wickets";"AJ Finch"
980909.0;"Mumbai Indians";"Kolkata Knight Riders";"";"Mumbai Indians won by 6.0 wickets";"RG Sharma"
980907.0;"Royal Challengers Bangalore";"Sunrisers Hyderabad";"";"Royal Challengers Bangalore won by 45.0 runs";"AB de Villiers"
980905.0;"Gujarat Lions";"Punjab Kings";"";"Gujarat Lions won by 5.0 wickets";"AJ Finch"
980903.0;"Kolkata Knight Riders";"Delhi Capitals";"";"Kolkata Knight Riders won by 9.0 wickets";"AD Russell"
980901.0;"Rising Pune Supergiants";"Mumbai Indians";"";"Rising Pune Supergiants won by 9.0 wickets";"AM Rahane"
829823.0;"Mumbai Indians";"Chennai Super Kings";"";"Mumbai Indians won by 41.0 runs";"RG Sharma"
829821.0;"Chennai Super Kings";"Royal Challengers Bangalore";"";"Chennai Super Kings won by 3.0 wickets";"A Nehra"
829819.0;"Royal Challengers Bangalore";"Rajasthan Royals";"";"Royal Challengers Bangalore won by 71.0 runs";"AB de Villiers"
829817.0;"Mumbai Indians";"Chennai Super Kings";"";"Mumbai Indians won by 25.0 runs";"KA Pollard"
829813.0;"";"N";"";"Match tied";""
829815.0;"Mumbai Indians";"Sunrisers Hyderabad";"";"Mumbai Indians won by 9.0 wickets";"MJ McClenaghan"
829811.0;"Rajasthan Royals";"Kolkata Knight Riders";"";"Rajasthan Royals won by 9.0 runs";"SR Watson"
829809.0;"Chennai Super Kings";"Punjab Kings";"";"Chennai Super Kings won by 7.0 wickets";"P Negi"
829807.0;"Royal Challengers Bangalore";"Sunrisers Hyderabad";"D/L";"Royal Challengers Bangalore won by 6.0 wickets";"V Kohli"
829805.0;"Mumbai Indians";"Kolkata Knight Riders";"";"Mumbai Indians won by 5.0 runs";"HH Pandya"
829803.0;"Punjab Kings";"Royal Challengers Bangalore";"";"Punjab Kings won by 22.0 runs";"AR Patel"
829801.0;"Delhi Capitals";"Chennai Super Kings";"";"Delhi Capitals won by 6.0 wickets";"Z Khan"
829799.0;"Sunrisers Hyderabad";"Punjab Kings";"";"Sunrisers Hyderabad won by 5.0 runs";"DA Warner"
829797.0;"Chennai Super Kings";"Rajasthan Royals";"";"Chennai Super Kings won by 12.0 runs";"RA Jadeja"
829795.0;"Royal Challengers Bangalore";"Mumbai Indians";"";"Royal Challengers Bangalore won by 39.0 runs";"AB de Villiers"
829793.0;"Sunrisers Hyderabad";"Delhi Capitals";"";"Sunrisers Hyderabad won by 6.0 runs";"MC Henriques"
829791.0;"Kolkata Knight Riders";"Punjab Kings";"";"Kolkata Knight Riders won by 1.0 wickets";"AD Russell"
829789.0;"Mumbai Indians";"Chennai Super Kings";"";"Mumbai Indians won by 6.0 wickets";"HH Pandya"
829787.0;"Sunrisers Hyderabad";"Rajasthan Royals";"";"Sunrisers Hyderabad won by 7.0 runs";"EJG Morgan"
829761.0;"Kolkata Knight Riders";"Delhi Capitals";"";"Kolkata Knight Riders won by 13.0 runs";"PP Chawla"
829785.0;"Royal Challengers Bangalore";"Punjab Kings";"";"Royal Challengers Bangalore won by 138.0 runs";"CH Gayle"
829783.0;"Mumbai Indians";"Delhi Capitals";"";"Mumbai Indians won by 5.0 wickets";"Harbhajan Singh"
829781.0;"Kolkata Knight Riders";"Sunrisers Hyderabad";"";"Kolkata Knight Riders won by 35.0 runs";"UT Yadav"
829779.0;"Chennai Super Kings";"Royal Challengers Bangalore";"";"Chennai Super Kings won by 24.0 runs";"SK Raina"
829775.0;"Mumbai Indians";"Punjab Kings";"";"Mumbai Indians won by 23.0 runs";"LMP Simmons"
829777.0;"Rajasthan Royals";"Delhi Capitals";"";"Rajasthan Royals won by 14.0 runs";"AM Rahane"
829771.0;"Royal Challengers Bangalore";"Kolkata Knight Riders";"";"Royal Challengers Bangalore won by 7.0 wickets";"Mandeep Singh"
829773.0;"Sunrisers Hyderabad";"Chennai Super Kings";"";"Sunrisers Hyderabad won by 22.0 runs";"DA Warner"
829769.0;"Mumbai Indians";"Rajasthan Royals";"";"Mumbai Indians won by 8.0 runs";"AT Rayudu"
829767.0;"Delhi Capitals";"Punjab Kings";"";"Delhi Capitals won by 9.0 wickets";"NM Coulter-Nile"
829723.0;"Kolkata Knight Riders";"Chennai Super Kings";"";"Kolkata Knight Riders won by 7.0 wickets";"AD Russell"
829763.0;"";"N";"";"Match tied";""
829765.0;"Chennai Super Kings";"Kolkata Knight Riders";"";"Chennai Super Kings won by 2.0 runs";"DJ Bravo"
829759.0;"Sunrisers Hyderabad";"Punjab Kings";"";"Sunrisers Hyderabad won by 20.0 runs";"TA Boult"
829757.0;"Royal Challengers Bangalore";"Delhi Capitals";"";"Royal Challengers Bangalore won by 10.0 wickets";"VR Aaron"
829753.0;"Chennai Super Kings";"Punjab Kings";"";"Chennai Super Kings won by 97.0 runs";"BB McCullum"
829751.0;"Mumbai Indians";"Sunrisers Hyderabad";"";"Mumbai Indians won by 20.0 runs";"SL Malinga"
829749.0;"Royal Challengers Bangalore";"Rajasthan Royals";"";"Royal Challengers Bangalore won by 9.0 wickets";"MA Starc"
829747.0;"Delhi Capitals";"Mumbai Indians";"";"Delhi Capitals won by 37.0 runs";"SS Iyer"
829743.0;"Sunrisers Hyderabad";"Kolkata Knight Riders";"D/L";"Sunrisers Hyderabad won by 16.0 runs";"DA Warner"
829745.0;"Chennai Super Kings";"Royal Challengers Bangalore";"";"Chennai Super Kings won by 27.0 runs";"SK Raina"
829741.0;"Punjab Kings";"Rajasthan Royals";"";"Match tied";"SE Marsh"
829739.0;"Kolkata Knight Riders";"Delhi Capitals";"";"Kolkata Knight Riders won by 6.0 wickets";"UT Yadav"
829735.0;"Rajasthan Royals";"Chennai Super Kings";"";"Rajasthan Royals won by 8.0 wickets";"AM Rahane"
829737.0;"Mumbai Indians";"Royal Challengers Bangalore";"";"Mumbai Indians won by 18.0 runs";"Harbhajan Singh"
829731.0;"Delhi Capitals";"Sunrisers Hyderabad";"";"Delhi Capitals won by 4.0 runs";"JP Duminy"
829733.0;"Kolkata Knight Riders";"Punjab Kings";"";"Kolkata Knight Riders won by 4.0 wickets";"AD Russell"
829729.0;"Chennai Super Kings";"Mumbai Indians";"";"Chennai Super Kings won by 6.0 wickets";"A Nehra"
829727.0;"Rajasthan Royals";"Sunrisers Hyderabad";"";"Rajasthan Royals won by 6.0 wickets";"AM Rahane"
829725.0;"Delhi Capitals";"Punjab Kings";"";"Delhi Capitals won by 5.0 wickets";"MA Agarwal"
829721.0;"Rajasthan Royals";"Mumbai Indians";"";"Rajasthan Royals won by 7.0 wickets";"SPD Smith"
829719.0;"Sunrisers Hyderabad";"Royal Challengers Bangalore";"";"Sunrisers Hyderabad won by 8.0 wickets";"DA Warner"
829717.0;"Punjab Kings";"Mumbai Indians";"";"Punjab Kings won by 18.0 runs";"GJ Bailey"
829715.0;"Rajasthan Royals";"Delhi Capitals";"";"Rajasthan Royals won by 3.0 wickets";"DJ Hooda"
829713.0;"Royal Challengers Bangalore";"Kolkata Knight Riders";"";"Royal Challengers Bangalore won by 3.0 wickets";"CH Gayle"
829711.0;"Chennai Super Kings";"Sunrisers Hyderabad";"";"Chennai Super Kings won by 45.0 runs";"BB McCullum"
829709.0;"Rajasthan Royals";"Punjab Kings";"";"Rajasthan Royals won by 26.0 runs";"JP Faulkner"
829707.0;"Chennai Super Kings";"Delhi Capitals";"";"Chennai Super Kings won by 1.0 runs";"A Nehra"
829705.0;"Kolkata Knight Riders";"Mumbai Indians";"";"Kolkata Knight Riders won by 7.0 wickets";"M Morkel"
734049.0;"Kolkata Knight Riders";"Punjab Kings";"";"Kolkata Knight Riders won by 3.0 wickets";"MK Pandey"
734047.0;"Punjab Kings";"Chennai Super Kings";"";"Punjab Kings won by 24.0 runs";"V Sehwag"
734045.0;"Chennai Super Kings";"Mumbai Indians";"";"Chennai Super Kings won by 7.0 wickets";"SK Raina"
734043.0;"Kolkata Knight Riders";"Punjab Kings";"";"Kolkata Knight Riders won by 28.0 runs";"UT Yadav"
734041.0;"Mumbai Indians";"Rajasthan Royals";"";"Mumbai Indians won by 5.0 wickets";"CJ Anderson"
734039.0;"Punjab Kings";"Delhi Capitals";"";"Punjab Kings won by 7.0 wickets";"M Vohra"
734035.0;"Chennai Super Kings";"Royal Challengers Bangalore";"";"Chennai Super Kings won by 8.0 wickets";"MS Dhoni"
734037.0;"Kolkata Knight Riders";"Sunrisers Hyderabad";"";"Kolkata Knight Riders won by 4.0 wickets";"YK Pathan"
734031.0;"Mumbai Indians";"Delhi Capitals";"";"Mumbai Indians won by 15.0 runs";"MEK Hussey"
734033.0;"Punjab Kings";"Rajasthan Royals";"";"Punjab Kings won by 16.0 runs";"SE Marsh"
734027.0;"Kolkata Knight Riders";"Royal Challengers Bangalore";"";"Kolkata Knight Riders won by 30.0 runs";"RV Uthappa"
734029.0;"Sunrisers Hyderabad";"Chennai Super Kings";"";"Sunrisers Hyderabad won by 6.0 wickets";"DA Warner"
734025.0;"Mumbai Indians";"Punjab Kings";"";"Mumbai Indians won by 7.0 wickets";"LMP Simmons"
734023.0;"Kolkata Knight Riders";"Chennai Super Kings";"";"Kolkata Knight Riders won by 8.0 wickets";"RV Uthappa"
734021.0;"Sunrisers Hyderabad";"Royal Challengers Bangalore";"";"Sunrisers Hyderabad won by 7.0 wickets";"DA Warner"
734019.0;"Punjab Kings";"Delhi Capitals";"";"Punjab Kings won by 4.0 wickets";"AR Patel"
734017.0;"Mumbai Indians";"Rajasthan Royals";"";"Mumbai Indians won by 25.0 runs";"MEK Hussey"
734013.0;"Royal Challengers Bangalore";"Chennai Super Kings";"";"Royal Challengers Bangalore won by 5.0 wickets";"AB de Villiers"
734015.0;"Kolkata Knight Riders";"Sunrisers Hyderabad";"";"Kolkata Knight Riders won by 7.0 wickets";"UT Yadav"
734011.0;"Rajasthan Royals";"Delhi Capitals";"";"Rajasthan Royals won by 62.0 runs";"AM Rahane"
734009.0;"Kolkata Knight Riders";"Mumbai Indians";"";"Kolkata Knight Riders won by 6.0 wickets";"RV Uthappa"
734007.0;"Punjab Kings";"Sunrisers Hyderabad";"";"Punjab Kings won by 6.0 wickets";"WP Saha"
734005.0;"Royal Challengers Bangalore";"Delhi Capitals";"";"Royal Challengers Bangalore won by 16.0 runs";"Yuvraj Singh"
734003.0;"Chennai Super Kings";"Rajasthan Royals";"";"Chennai Super Kings won by 5.0 wickets";"RA Jadeja"
734001.0;"Mumbai Indians";"Sunrisers Hyderabad";"";"Mumbai Indians won by 7.0 wickets";"AT Rayudu"
733997.0;"Kolkata Knight Riders";"Punjab Kings";"";"Kolkata Knight Riders won by 9.0 wickets";"G Gambhir"
733999.0;"Rajasthan Royals";"Royal Challengers Bangalore";"";"Rajasthan Royals won by 5.0 wickets";"JP Faulkner"
733995.0;"Chennai Super Kings";"Mumbai Indians";"";"Chennai Super Kings won by 4.0 wickets";"DR Smith"
733993.0;"Sunrisers Hyderabad";"Delhi Capitals";"D/L";"Sunrisers Hyderabad won by 8.0 wickets";"DW Steyn"
733991.0;"Punjab Kings";"Royal Challengers Bangalore";"";"Punjab Kings won by 32.0 runs";"Sandeep Sharma"
733989.0;"Sunrisers Hyderabad";"Rajasthan Royals";"";"Sunrisers Hyderabad won by 32.0 runs";"B Kumar"
733985.0;"Kolkata Knight Riders";"Delhi Capitals";"";"Kolkata Knight Riders won by 8.0 wickets";"G Gambhir"
733987.0;"Punjab Kings";"Chennai Super Kings";"";"Punjab Kings won by 44.0 runs";"GJ Maxwell"
733983.0;"Mumbai Indians";"Royal Challengers Bangalore";"";"Mumbai Indians won by 19.0 runs";"RG Sharma"
733981.0;"Chennai Super Kings";"Delhi Capitals";"";"Chennai Super Kings won by 8.0 wickets";"DR Smith"
733979.0;"Rajasthan Royals";"Kolkata Knight Riders";"";"Rajasthan Royals won by 10.0 runs";"PV Tambe"
733977.0;"Royal Challengers Bangalore";"Sunrisers Hyderabad";"";"Royal Challengers Bangalore won by 4.0 wickets";"AB de Villiers"
733975.0;"Rajasthan Royals";"Delhi Capitals";"";"Rajasthan Royals won by 7.0 wickets";"KK Nair"
733973.0;"Mumbai Indians";"Punjab Kings";"";"Mumbai Indians won by 5.0 wickets";"CJ Anderson"
733971.0;"Chennai Super Kings";"Kolkata Knight Riders";"";"Chennai Super Kings won by 34.0 runs";"RA Jadeja"
729317.0;"Sunrisers Hyderabad";"Mumbai Indians";"";"Sunrisers Hyderabad won by 15.0 runs";"B Kumar"
729315.0;"Rajasthan Royals";"Kolkata Knight Riders";"";"Match tied";"JP Faulkner"
729313.0;"Punjab Kings";"Royal Challengers Bangalore";"";"Punjab Kings won by 5.0 wickets";"Sandeep Sharma"
729311.0;"Chennai Super Kings";"Sunrisers Hyderabad";"";"Chennai Super Kings won by 5.0 wickets";"DR Smith"
729309.0;"Delhi Capitals";"Mumbai Indians";"";"Delhi Capitals won by 6.0 wickets";"M Vijay"
729307.0;"Punjab Kings";"Kolkata Knight Riders";"";"Punjab Kings won by 23.0 runs";"Sandeep Sharma"
729305.0;"Rajasthan Royals";"Royal Challengers Bangalore";"";"Rajasthan Royals won by 6.0 wickets";"PV Tambe"
729301.0;"Sunrisers Hyderabad";"Delhi Capitals";"";"Sunrisers Hyderabad won by 4.0 runs";"AJ Finch"
729303.0;"Chennai Super Kings";"Mumbai Indians";"";"Chennai Super Kings won by 7.0 wickets";"MM Sharma"
729299.0;"Kolkata Knight Riders";"Royal Challengers Bangalore";"";"Kolkata Knight Riders won by 2.0 runs";"CA Lynn"
729297.0;"Chennai Super Kings";"Rajasthan Royals";"";"Chennai Super Kings won by 7.0 runs";"RA Jadeja"
729295.0;"Punjab Kings";"Sunrisers Hyderabad";"";"Punjab Kings won by 72.0 runs";"GJ Maxwell"
729293.0;"Chennai Super Kings";"Delhi Capitals";"";"Chennai Super Kings won by 93.0 runs";"SK Raina"
729291.0;"Punjab Kings";"Rajasthan Royals";"";"Punjab Kings won by 7.0 wickets";"GJ Maxwell"
729289.0;"Delhi Capitals";"Kolkata Knight Riders";"";"Delhi Capitals won by 4.0 wickets";"JP Duminy"
729287.0;"Royal Challengers Bangalore";"Mumbai Indians";"";"Royal Challengers Bangalore won by 7.0 wickets";"PA Patel"
729285.0;"Rajasthan Royals";"Sunrisers Hyderabad";"";"Rajasthan Royals won by 4.0 wickets";"AM Rahane"
729283.0;"Punjab Kings";"Chennai Super Kings";"";"Punjab Kings won by 6.0 wickets";"GJ Maxwell"
729281.0;"Royal Challengers Bangalore";"Delhi Capitals";"";"Royal Challengers Bangalore won by 8.0 wickets";"YS Chahal"
729279.0;"Kolkata Knight Riders";"Mumbai Indians";"";"Kolkata Knight Riders won by 41.0 runs";"JH Kallis"
598073.0;"Mumbai Indians";"Chennai Super Kings";"";"Mumbai Indians won by 23.0 runs";"KA Pollard"
598072.0;"Mumbai Indians";"Rajasthan Royals";"";"Mumbai Indians won by 4.0 wickets";"Harbhajan Singh"
598071.0;"Rajasthan Royals";"Sunrisers Hyderabad";"";"Rajasthan Royals won by 4.0 wickets";"BJ Hodge"
598070.0;"Chennai Super Kings";"Mumbai Indians";"";"Chennai Super Kings won by 48.0 runs";"MEK Hussey"
598069.0;"Sunrisers Hyderabad";"Kolkata Knight Riders";"";"Sunrisers Hyderabad won by 5.0 wickets";"PA Patel"
598067.0;"Pune Warriors";"Delhi Capitals";"";"Pune Warriors won by 38.0 runs";"LJ Wright"
598068.0;"Royal Challengers Bangalore";"Chennai Super Kings";"";"Royal Challengers Bangalore won by 24.0 runs";"V Kohli"
598066.0;"Punjab Kings";"Mumbai Indians";"";"Punjab Kings won by 50.0 runs";"Azhar Mahmood"
598065.0;"Sunrisers Hyderabad";"Rajasthan Royals";"";"Sunrisers Hyderabad won by 23.0 runs";"A Mishra"
598028.0;"Punjab Kings";"Delhi Capitals";"";"Punjab Kings won by 7.0 runs";"DA Miller"
598063.0;"Mumbai Indians";"Rajasthan Royals";"";"Mumbai Indians won by 14.0 runs";"AP Tare"
598061.0;"Pune Warriors";"Kolkata Knight Riders";"";"Pune Warriors won by 7.0 runs";"MK Pandey"
598062.0;"Chennai Super Kings";"Delhi Capitals";"";"Chennai Super Kings won by 33.0 runs";"MS Dhoni"
598045.0;"Punjab Kings";"Royal Challengers Bangalore";"";"Punjab Kings won by 7.0 wickets";"AC Gilchrist"
598060.0;"Mumbai Indians";"Sunrisers Hyderabad";"";"Mumbai Indians won by 7.0 wickets";"KA Pollard"
598058.0;"Rajasthan Royals";"Chennai Super Kings";"";"Rajasthan Royals won by 5.0 wickets";"SR Watson"
598057.0;"Kolkata Knight Riders";"Royal Challengers Bangalore";"";"Kolkata Knight Riders won by 5.0 wickets";"JH Kallis"
598056.0;"Sunrisers Hyderabad";"Punjab Kings";"";"Sunrisers Hyderabad won by 30.0 runs";"PA Patel"
598055.0;"Mumbai Indians";"Pune Warriors";"";"Mumbai Indians won by 5.0 wickets";"MG Johnson"
598054.0;"Royal Challengers Bangalore";"Delhi Capitals";"";"Royal Challengers Bangalore won by 4.0 runs";"JD Unadkat"
598053.0;"Kolkata Knight Riders";"Pune Warriors";"";"Kolkata Knight Riders won by 46.0 runs";"G Gambhir"
598052.0;"Rajasthan Royals";"Punjab Kings";"";"Rajasthan Royals won by 8.0 wickets";"KK Cooper"
598051.0;"Chennai Super Kings";"Sunrisers Hyderabad";"";"Chennai Super Kings won by 77.0 runs";"SK Raina"
598049.0;"Rajasthan Royals";"Delhi Capitals";"";"Rajasthan Royals won by 9.0 wickets";"AM Rahane"
598050.0;"Mumbai Indians";"Kolkata Knight Riders";"";"Mumbai Indians won by 65.0 runs";"SR Tendulkar"
598064.0;"Punjab Kings";"Royal Challengers Bangalore";"";"Punjab Kings won by 6.0 wickets";"DA Miller"
598047.0;"Rajasthan Royals";"Pune Warriors";"";"Rajasthan Royals won by 5.0 wickets";"AM Rahane"
598046.0;"Mumbai Indians";"Chennai Super Kings";"";"Mumbai Indians won by 60.0 runs";"MG Johnson"
598044.0;"Sunrisers Hyderabad";"Delhi Capitals";"";"Sunrisers Hyderabad won by 6.0 wickets";"DJG Sammy"
598043.0;"Kolkata Knight Riders";"Rajasthan Royals";"";"Kolkata Knight Riders won by 8.0 wickets";"YK Pathan"
598042.0;"Royal Challengers Bangalore";"Pune Warriors";"";"Royal Challengers Bangalore won by 17.0 runs";"AB de Villiers"
598041.0;"Chennai Super Kings";"Punjab Kings";"";"Chennai Super Kings won by 15.0 runs";"SK Raina"
598040.0;"Delhi Capitals";"Kolkata Knight Riders";"";"Delhi Capitals won by 7.0 wickets";"DA Warner"
598039.0;"Sunrisers Hyderabad";"Mumbai Indians";"";"Sunrisers Hyderabad won by 7.0 wickets";"I Sharma"
598038.0;"Chennai Super Kings";"Pune Warriors";"";"Chennai Super Kings won by 37.0 runs";"MS Dhoni"
598037.0;"Mumbai Indians";"Punjab Kings";"";"Mumbai Indians won by 4.0 runs";"RG Sharma"
598036.0;"Rajasthan Royals";"Royal Challengers Bangalore";"";"Rajasthan Royals won by 4.0 wickets";"SV Samson"
598034.0;"Chennai Super Kings";"Kolkata Knight Riders";"";"Chennai Super Kings won by 14.0 runs";"MEK Hussey"
598035.0;"Delhi Capitals";"Pune Warriors";"";"Delhi Capitals won by 15.0 runs";"DA Warner"
598033.0;"Mumbai Indians";"Royal Challengers Bangalore";"";"Mumbai Indians won by 58.0 runs";"DR Smith"
598032.0;"Rajasthan Royals";"Sunrisers Hyderabad";"";"Rajasthan Royals won by 8.0 wickets";"JP Faulkner"
598031.0;"Kolkata Knight Riders";"Punjab Kings";"";"Kolkata Knight Riders won by 6.0 wickets";"JH Kallis"
598030.0;"Chennai Super Kings";"Sunrisers Hyderabad";"";"Chennai Super Kings won by 5.0 wickets";"MS Dhoni"
598029.0;"Mumbai Indians";"Kolkata Knight Riders";"";"Mumbai Indians won by 5.0 wickets";"DR Smith"
598059.0;"Punjab Kings";"Delhi Capitals";"";"Punjab Kings won by 5.0 wickets";"Harmeet Singh"
598027.0;"Royal Challengers Bangalore";"Pune Warriors";"";"Royal Challengers Bangalore won by 130.0 runs";"CH Gayle"
598026.0;"Chennai Super Kings";"Rajasthan Royals";"";"Chennai Super Kings won by 5.0 wickets";"MEK Hussey"
598025.0;"Punjab Kings";"Pune Warriors";"";"Punjab Kings won by 7.0 wickets";"DA Miller"
598024.0;"Delhi Capitals";"Mumbai Indians";"";"Delhi Capitals won by 9.0 wickets";"V Sehwag"
598023.0;"Royal Challengers Bangalore";"Rajasthan Royals";"";"Royal Challengers Bangalore won by 7.0 wickets";"R Vinay Kumar"
598022.0;"Chennai Super Kings";"Kolkata Knight Riders";"";"Chennai Super Kings won by 4.0 wickets";"RA Jadeja"
598021.0;"Sunrisers Hyderabad";"Punjab Kings";"";"Sunrisers Hyderabad won by 5.0 wickets";"GH Vihari"
598020.0;"Chennai Super Kings";"Delhi Capitals";"";"Chennai Super Kings won by 86.0 runs";"MEK Hussey"
598019.0;"Rajasthan Royals";"Mumbai Indians";"";"Rajasthan Royals won by 87.0 runs";"AM Rahane"
598018.0;"Sunrisers Hyderabad";"Pune Warriors";"";"Sunrisers Hyderabad won by 11.0 runs";"A Mishra"
598016.0;"Punjab Kings";"Kolkata Knight Riders";"";"Punjab Kings won by 4.0 runs";"MS Gony"
598017.0;"Royal Challengers Bangalore";"Delhi Capitals";"";"Match tied";"V Kohli"
598015.0;"Pune Warriors";"Chennai Super Kings";"";"Pune Warriors won by 24.0 runs";"SPD Smith"
598014.0;"Rajasthan Royals";"Punjab Kings";"";"Rajasthan Royals won by 6.0 wickets";"JP Faulkner"
598013.0;"Kolkata Knight Riders";"Sunrisers Hyderabad";"";"Kolkata Knight Riders won by 48.0 runs";"G Gambhir"
598012.0;"Chennai Super Kings";"Royal Challengers Bangalore";"";"Chennai Super Kings won by 4.0 wickets";"RA Jadeja"
598011.0;"Mumbai Indians";"Pune Warriors";"";"Mumbai Indians won by 41.0 runs";"RG Sharma"
598010.0;"Sunrisers Hyderabad";"Delhi Capitals";"";"Sunrisers Hyderabad won by 3.0 wickets";"A Mishra"
598009.0;"Pune Warriors";"Rajasthan Royals";"";"Pune Warriors won by 7.0 wickets";"AJ Finch"
598008.0;"Royal Challengers Bangalore";"Kolkata Knight Riders";"";"Royal Challengers Bangalore won by 8.0 wickets";"CH Gayle"
598007.0;"Chennai Super Kings";"Punjab Kings";"";"Chennai Super Kings won by 10.0 wickets";"MEK Hussey"
598048.0;"Royal Challengers Bangalore";"Sunrisers Hyderabad";"";"Royal Challengers Bangalore won by 7.0 wickets";"V Kohli"
598006.0;"Mumbai Indians";"Delhi Capitals";"";"Mumbai Indians won by 44.0 runs";"KD Karthik"
598005.0;"Rajasthan Royals";"Kolkata Knight Riders";"";"Rajasthan Royals won by 19.0 runs";"SK Trivedi"
598004.0;"Sunrisers Hyderabad";"Royal Challengers Bangalore";"";"Match tied";"GH Vihari"
598003.0;"Punjab Kings";"Pune Warriors";"";"Punjab Kings won by 8.0 wickets";"M Vohra"
598002.0;"Mumbai Indians";"Chennai Super Kings";"";"Mumbai Indians won by 9.0 runs";"KA Pollard"
598001.0;"Rajasthan Royals";"Delhi Capitals";"";"Rajasthan Royals won by 5.0 runs";"R Dravid"
598000.0;"Sunrisers Hyderabad";"Pune Warriors";"";"Sunrisers Hyderabad won by 22.0 runs";"A Mishra"
597999.0;"Royal Challengers Bangalore";"Mumbai Indians";"";"Royal Challengers Bangalore won by 2.0 runs";"CH Gayle"
597998.0;"Kolkata Knight Riders";"Delhi Capitals";"";"Kolkata Knight Riders won by 6.0 wickets";"SP Narine"
548381.0;"Kolkata Knight Riders";"Chennai Super Kings";"";"Kolkata Knight Riders won by 5.0 wickets";"MS Bisla"
548380.0;"Chennai Super Kings";"Delhi Capitals";"";"Chennai Super Kings won by 86.0 runs";"M Vijay"
548379.0;"Chennai Super Kings";"Mumbai Indians";"";"Chennai Super Kings won by 38.0 runs";"MS Dhoni"
548378.0;"Kolkata Knight Riders";"Delhi Capitals";"";"Kolkata Knight Riders won by 18.0 runs";"YK Pathan"
548377.0;"Mumbai Indians";"Rajasthan Royals";"";"Mumbai Indians won by 10.0 wickets";"DR Smith"
548376.0;"Deccan Chargers";"Royal Challengers Bangalore";"";"Deccan Chargers won by 9.0 runs";"DW Steyn"
548375.0;"Kolkata Knight Riders";"Pune Warriors";"";"Kolkata Knight Riders won by 34.0 runs";"Shakib Al Hasan"
548374.0;"Delhi Capitals";"Punjab Kings";"";"Delhi Capitals won by 6.0 wickets";"UT Yadav"
548373.0;"Deccan Chargers";"Rajasthan Royals";"";"Deccan Chargers won by 5.0 wickets";"DW Steyn"
548371.0;"Punjab Kings";"Chennai Super Kings";"";"Punjab Kings won by 6.0 wickets";"AC Gilchrist"
548372.0;"Royal Challengers Bangalore";"Delhi Capitals";"";"Royal Challengers Bangalore won by 21.0 runs";"CH Gayle"
548370.0;"Kolkata Knight Riders";"Mumbai Indians";"";"Kolkata Knight Riders won by 32.0 runs";"SP Narine"
548369.0;"Delhi Capitals";"Punjab Kings";"";"Delhi Capitals won by 5.0 wickets";"UT Yadav"
548368.0;"Chennai Super Kings";"Kolkata Knight Riders";"";"Chennai Super Kings won by 5.0 wickets";"MEK Hussey"
548367.0;"Mumbai Indians";"Royal Challengers Bangalore";"";"Mumbai Indians won by 5.0 wickets";"AT Rayudu"
548366.0;"Punjab Kings";"Deccan Chargers";"";"Punjab Kings won by 4.0 wickets";"DJ Hussey"
548365.0;"Rajasthan Royals";"Pune Warriors";"";"Rajasthan Royals won by 45.0 runs";"A Chandila"
548364.0;"Chennai Super Kings";"Delhi Capitals";"";"Chennai Super Kings won by 9.0 wickets";"BW Hilfenhaus"
548363.0;"Mumbai Indians";"Kolkata Knight Riders";"";"Mumbai Indians won by 27.0 runs";"RG Sharma"
548362.0;"Royal Challengers Bangalore";"Pune Warriors";"";"Royal Challengers Bangalore won by 35.0 runs";"CH Gayle"
548361.0;"Chennai Super Kings";"Rajasthan Royals";"";"Chennai Super Kings won by 4.0 wickets";"BW Hilfenhaus"
548329.0;"Delhi Capitals";"Deccan Chargers";"";"Delhi Capitals won by 9.0 wickets";"DA Warner"
548360.0;"Royal Challengers Bangalore";"Mumbai Indians";"";"Royal Challengers Bangalore won by 9.0 wickets";"CH Gayle"
548359.0;"Punjab Kings";"Deccan Chargers";"";"Punjab Kings won by 25.0 runs";"Mandeep Singh"
548358.0;"Rajasthan Royals";"Pune Warriors";"";"Rajasthan Royals won by 7.0 wickets";"SR Watson"
548357.0;"Kolkata Knight Riders";"Delhi Capitals";"";"Kolkata Knight Riders won by 6.0 wickets";"JH Kallis"
548356.0;"Royal Challengers Bangalore";"Deccan Chargers";"";"Royal Challengers Bangalore won by 5.0 wickets";"AB de Villiers"
548355.0;"Mumbai Indians";"Chennai Super Kings";"";"Mumbai Indians won by 2.0 wickets";"DR Smith"
548354.0;"Rajasthan Royals";"Punjab Kings";"";"Rajasthan Royals won by 43.0 runs";"SR Watson"
548353.0;"Kolkata Knight Riders";"Pune Warriors";"";"Kolkata Knight Riders won by 7.0 runs";"SP Narine"
548352.0;"Chennai Super Kings";"Deccan Chargers";"";"Chennai Super Kings won by 10.0 runs";"SK Raina"
548351.0;"Mumbai Indians";"Pune Warriors";"";"Mumbai Indians won by 1.0 runs";"SL Malinga"
548350.0;"Punjab Kings";"Royal Challengers Bangalore";"";"Punjab Kings won by 4.0 wickets";"Azhar Mahmood"
548349.0;"Delhi Capitals";"Rajasthan Royals";"";"Delhi Capitals won by 6.0 wickets";"P Negi"
548348.0;"Deccan Chargers";"Pune Warriors";"";"Deccan Chargers won by 13.0 runs";"KC Sangakkara"
548347.0;"Kolkata Knight Riders";"Chennai Super Kings";"";"Kolkata Knight Riders won by 5.0 wickets";"G Gambhir"
548346.0;"Mumbai Indians";"Deccan Chargers";"";"Mumbai Indians won by 5.0 wickets";"DW Steyn"
548345.0;"Delhi Capitals";"Rajasthan Royals";"";"Delhi Capitals won by 1.0 runs";"V Sehwag"
548344.0;"Kolkata Knight Riders";"Royal Challengers Bangalore";"";"Kolkata Knight Riders won by 47.0 runs";"G Gambhir"
548343.0;"Punjab Kings";"Chennai Super Kings";"";"Punjab Kings won by 7.0 runs";"Mandeep Singh"
548342.0;"Delhi Capitals";"Mumbai Indians";"";"Delhi Capitals won by 37.0 runs";"V Sehwag"
548341.0;"Deccan Chargers";"Pune Warriors";"";"Deccan Chargers won by 18.0 runs";"CL White"
548339.0;"Mumbai Indians";"Punjab Kings";"";"Mumbai Indians won by 4.0 wickets";"AT Rayudu"
548337.0;"Delhi Capitals";"Pune Warriors";"";"Delhi Capitals won by 8.0 wickets";"V Sehwag"
548336.0;"Royal Challengers Bangalore";"Rajasthan Royals";"";"Royal Challengers Bangalore won by 46.0 runs";"AB de Villiers"
548334.0;"Punjab Kings";"Mumbai Indians";"";"Punjab Kings won by 6.0 wickets";"SE Marsh"
548335.0;"Kolkata Knight Riders";"Deccan Chargers";"";"Kolkata Knight Riders won by 5.0 wickets";"B Lee"
548333.0;"Pune Warriors";"Delhi Capitals";"";"Pune Warriors won by 20.0 runs";"SC Ganguly"
548332.0;"Chennai Super Kings";"Rajasthan Royals";"";"Chennai Super Kings won by 7.0 wickets";"F du Plessis"
548331.0;"Royal Challengers Bangalore";"Punjab Kings";"";"Royal Challengers Bangalore won by 5.0 wickets";"CH Gayle"
548330.0;"Chennai Super Kings";"Pune Warriors";"";"Chennai Super Kings won by 13.0 runs";"KMDN Kulasekara"
548321.0;"Delhi Capitals";"Deccan Chargers";"";"Delhi Capitals won by 5.0 wickets";"KP Pietersen"
548328.0;"Kolkata Knight Riders";"Punjab Kings";"";"Kolkata Knight Riders won by 8.0 wickets";"G Gambhir"
548327.0;"Royal Challengers Bangalore";"Pune Warriors";"";"Royal Challengers Bangalore won by 6.0 wickets";"CH Gayle"
548326.0;"Rajasthan Royals";"Deccan Chargers";"";"Rajasthan Royals won by 5.0 wickets";"BJ Hodge"
548325.0;"Delhi Capitals";"Mumbai Indians";"";"Delhi Capitals won by 7.0 wickets";"S Nadeem"
548324.0;"Rajasthan Royals";"Royal Challengers Bangalore";"";"Rajasthan Royals won by 59.0 runs";"AM Rahane"
548323.0;"Punjab Kings";"Kolkata Knight Riders";"";"Punjab Kings won by 2.0 runs";"SP Narine"
548322.0;"Pune Warriors";"Chennai Super Kings";"";"Pune Warriors won by 7.0 wickets";"JD Ryder"
548320.0;"Kolkata Knight Riders";"Rajasthan Royals";"";"Kolkata Knight Riders won by 5.0 wickets";"Shakib Al Hasan"
548319.0;"Punjab Kings";"Pune Warriors";"";"Punjab Kings won by 7.0 wickets";"AD Mascarenhas"
548318.0;"Chennai Super Kings";"Royal Challengers Bangalore";"";"Chennai Super Kings won by 5.0 wickets";"F du Plessis"
548317.0;"Mumbai Indians";"Rajasthan Royals";"";"Mumbai Indians won by 27.0 runs";"KA Pollard"
548316.0;"Delhi Capitals";"Chennai Super Kings";"";"Delhi Capitals won by 8.0 wickets";"M Morkel"
548315.0;"Kolkata Knight Riders";"Royal Challengers Bangalore";"";"Kolkata Knight Riders won by 42.0 runs";"L Balaji"
548314.0;"Mumbai Indians";"Deccan Chargers";"";"Mumbai Indians won by 5.0 wickets";"RG Sharma"
548313.0;"Pune Warriors";"Punjab Kings";"";"Pune Warriors won by 22.0 runs";"MN Samuels"
548312.0;"Rajasthan Royals";"Kolkata Knight Riders";"";"Rajasthan Royals won by 22.0 runs";"BJ Hodge"
548311.0;"Chennai Super Kings";"Deccan Chargers";"";"Chennai Super Kings won by 74.0 runs";"RA Jadeja"
548310.0;"Royal Challengers Bangalore";"Delhi Capitals";"";"Royal Challengers Bangalore won by 20.0 runs";"AB de Villiers"
548309.0;"Rajasthan Royals";"Punjab Kings";"";"Rajasthan Royals won by 31.0 runs";"AM Rahane"
548308.0;"Pune Warriors";"Mumbai Indians";"";"Pune Warriors won by 28.0 runs";"SPD Smith"
548307.0;"Delhi Capitals";"Kolkata Knight Riders";"";"Delhi Capitals won by 8.0 wickets";"IK Pathan"
548306.0;"Mumbai Indians";"Chennai Super Kings";"";"Mumbai Indians won by 8.0 wickets";"RE Levi"
501271.0;"Chennai Super Kings";"Royal Challengers Bangalore";"";"Chennai Super Kings won by 58.0 runs";"M Vijay"
501270.0;"Royal Challengers Bangalore";"Mumbai Indians";"";"Royal Challengers Bangalore won by 43.0 runs";"CH Gayle"
501269.0;"Mumbai Indians";"Kolkata Knight Riders";"";"Mumbai Indians won by 4.0 wickets";"MM Patel"
501268.0;"Chennai Super Kings";"Royal Challengers Bangalore";"";"Chennai Super Kings won by 6.0 wickets";"SK Raina"
501267.0;"Mumbai Indians";"Kolkata Knight Riders";"";"Mumbai Indians won by 5.0 wickets";"JEC Franklin"
501266.0;"Royal Challengers Bangalore";"Chennai Super Kings";"";"Royal Challengers Bangalore won by 8.0 wickets";"CH Gayle"
501265.0;"";"N";"";"Match tied";""
501264.0;"Deccan Chargers";"Punjab Kings";"";"Deccan Chargers won by 82.0 runs";"S Dhawan"
501263.0;"Rajasthan Royals";"Mumbai Indians";"";"Rajasthan Royals won by 10.0 wickets";"SR Watson"
501262.0;"Kolkata Knight Riders";"Pune Warriors";"";"Kolkata Knight Riders won by 7.0 wickets";"YK Pathan"
501261.0;"Chennai Super Kings";"Kochi Tuskers Kerala";"";"Chennai Super Kings won by 11.0 runs";"WP Saha"
501260.0;"Punjab Kings";"Royal Challengers Bangalore";"";"Punjab Kings won by 111.0 runs";"AC Gilchrist"
501259.0;"Deccan Chargers";"Pune Warriors";"";"Deccan Chargers won by 6.0 wickets";"A Mishra"
501258.0;"Kochi Tuskers Kerala";"Rajasthan Royals";"";"Kochi Tuskers Kerala won by 8.0 wickets";"BJ Hodge"
501257.0;"Punjab Kings";"Delhi Capitals";"";"Punjab Kings won by 29.0 runs";"PP Chawla"
501255.0;"Royal Challengers Bangalore";"Kolkata Knight Riders";"D/L";"Royal Challengers Bangalore won by 4.0 wickets";"CH Gayle"
501256.0;"Deccan Chargers";"Mumbai Indians";"";"Deccan Chargers won by 10.0 runs";"A Mishra"
501254.0;"Punjab Kings";"Kochi Tuskers Kerala";"";"Punjab Kings won by 6.0 wickets";"KD Karthik"
501253.0;"Chennai Super Kings";"Delhi Capitals";"";"Chennai Super Kings won by 18.0 runs";"MS Dhoni"
501252.0;"Royal Challengers Bangalore";"Rajasthan Royals";"";"Royal Challengers Bangalore won by 9.0 wickets";"S Aravind"
501251.0;"Punjab Kings";"Mumbai Indians";"";"Punjab Kings won by 76.0 runs";"BA Bhatt"
501250.0;"Pune Warriors";"Deccan Chargers";"";"Pune Warriors won by 6.0 wickets";"MR Marsh"
501249.0;"Chennai Super Kings";"Rajasthan Royals";"";"Chennai Super Kings won by 63.0 runs";"M Vijay"
501248.0;"Pune Warriors";"Punjab Kings";"";"Pune Warriors won by 5.0 wickets";"R Sharma"
501247.0;"Royal Challengers Bangalore";"Kochi Tuskers Kerala";"";"Royal Challengers Bangalore won by 9.0 wickets";"CH Gayle"
501246.0;"Mumbai Indians";"Delhi Capitals";"";"Mumbai Indians won by 32.0 runs";"AT Rayudu"
501245.0;"Kolkata Knight Riders";"Chennai Super Kings";"D/L";"Kolkata Knight Riders won by 10.0 runs";"Iqbal Abdulla"
501244.0;"Royal Challengers Bangalore";"Punjab Kings";"";"Royal Challengers Bangalore won by 85.0 runs";"CH Gayle"
501243.0;"Delhi Capitals";"Deccan Chargers";"";"Delhi Capitals won by 4.0 wickets";"V Sehwag"
501242.0;"Kochi Tuskers Kerala";"Kolkata Knight Riders";"";"Kochi Tuskers Kerala won by 17.0 runs";"BJ Hodge"
501241.0;"Mumbai Indians";"Pune Warriors";"";"Mumbai Indians won by 21.0 runs";"R Sharma"
501240.0;"Chennai Super Kings";"Rajasthan Royals";"";"Chennai Super Kings won by 8.0 wickets";"MEK Hussey"
501239.0;"Kolkata Knight Riders";"Deccan Chargers";"";"Kolkata Knight Riders won by 20.0 runs";"YK Pathan"
501238.0;"Kochi Tuskers Kerala";"Delhi Capitals";"";"Kochi Tuskers Kerala won by 7.0 wickets";"P Parameswaran"
501237.0;"Mumbai Indians";"Punjab Kings";"";"Mumbai Indians won by 23.0 runs";"KA Pollard"
501235.0;"Rajasthan Royals";"Pune Warriors";"";"Rajasthan Royals won by 6.0 wickets";"LRPL Taylor"
501236.0;"Chennai Super Kings";"Deccan Chargers";"";"Chennai Super Kings won by 19.0 runs";"JA Morkel"
501233.0;"Delhi Capitals";"Kochi Tuskers Kerala";"";"Delhi Capitals won by 38.0 runs";"V Sehwag"
501234.0;"Kolkata Knight Riders";"Punjab Kings";"";"Kolkata Knight Riders won by 8.0 wickets";"Iqbal Abdulla"
501232.0;"Royal Challengers Bangalore";"Pune Warriors";"";"Royal Challengers Bangalore won by 26.0 runs";"V Kohli"
501231.0;"Rajasthan Royals";"Mumbai Indians";"";"Rajasthan Royals won by 7.0 wickets";"J Botha"
501230.0;"Kolkata Knight Riders";"Delhi Capitals";"";"Kolkata Knight Riders won by 17.0 runs";"MK Tiwary"
501228.0;"Chennai Super Kings";"Pune Warriors";"";"Chennai Super Kings won by 8.0 wickets";"DE Bollinger"
501229.0;"Deccan Chargers";"Kochi Tuskers Kerala";"";"Deccan Chargers won by 55.0 runs";"I Sharma"
501227.0;"Royal Challengers Bangalore";"Delhi Capitals";"";"Royal Challengers Bangalore won by 3.0 wickets";"V Kohli"
501226.0;"Chennai Super Kings";"Pune Warriors";"";"Chennai Super Kings won by 25.0 runs";"MEK Hussey"
501225.0;"Rajasthan Royals";"Kochi Tuskers Kerala";"";"Rajasthan Royals won by 8.0 wickets";"SK Warne"
501224.0;"Mumbai Indians";"Deccan Chargers";"";"Mumbai Indians won by 37.0 runs";"SL Malinga"
501223.0;"Delhi Capitals";"Punjab Kings";"";"Delhi Capitals won by 29.0 runs";"DA Warner"
501222.0;"Royal Challengers Bangalore";"Kolkata Knight Riders";"";"Royal Challengers Bangalore won by 9.0 wickets";"CH Gayle"
501221.0;"Mumbai Indians";"Chennai Super Kings";"";"Mumbai Indians won by 8.0 runs";"Harbhajan Singh"
501220.0;"Punjab Kings";"Rajasthan Royals";"";"Punjab Kings won by 48.0 runs";"SE Marsh"
501218.0;"Mumbai Indians";"Pune Warriors";"";"Mumbai Indians won by 7.0 wickets";"MM Patel"
501219.0;"Kochi Tuskers Kerala";"Kolkata Knight Riders";"";"Kochi Tuskers Kerala won by 6.0 runs";"DPMD Jayawardene"
501216.0;"Deccan Chargers";"Delhi Capitals";"";"Deccan Chargers won by 16.0 runs";"S Sohal"
501215.0;"Kochi Tuskers Kerala";"Chennai Super Kings";"D/L";"Kochi Tuskers Kerala won by 7.0 wickets";"BB McCullum"
501214.0;"Kolkata Knight Riders";"Rajasthan Royals";"";"Kolkata Knight Riders won by 8.0 wickets";"L Balaji"
501213.0;"Delhi Capitals";"Pune Warriors";"";"Delhi Capitals won by 3.0 wickets";"Yuvraj Singh"
501212.0;"Punjab Kings";"Deccan Chargers";"";"Punjab Kings won by 8.0 wickets";"PC Valthaty"
501211.0;"Chennai Super Kings";"Royal Challengers Bangalore";"";"Chennai Super Kings won by 21.0 runs";"MEK Hussey"
501210.0;"Kochi Tuskers Kerala";"Mumbai Indians";"";"Kochi Tuskers Kerala won by 8.0 wickets";"BB McCullum"
501209.0;"Kolkata Knight Riders";"Rajasthan Royals";"";"Kolkata Knight Riders won by 9.0 wickets";"G Gambhir"
501208.0;"Deccan Chargers";"Royal Challengers Bangalore";"";"Deccan Chargers won by 33.0 runs";"DW Steyn"
501207.0;"Pune Warriors";"Kochi Tuskers Kerala";"";"Pune Warriors won by 4.0 wickets";"MD Mishra"
501206.0;"Punjab Kings";"Chennai Super Kings";"";"Punjab Kings won by 6.0 wickets";"PC Valthaty"
501204.0;"Rajasthan Royals";"Delhi Capitals";"";"Rajasthan Royals won by 6.0 wickets";"SK Warne"
501205.0;"Mumbai Indians";"Royal Challengers Bangalore";"";"Mumbai Indians won by 9.0 wickets";"SR Tendulkar"
501203.0;"Kolkata Knight Riders";"Deccan Chargers";"";"Kolkata Knight Riders won by 9.0 runs";"JH Kallis"
501202.0;"Pune Warriors";"Punjab Kings";"";"Pune Warriors won by 7.0 wickets";"SB Wagh"
501201.0;"Mumbai Indians";"Delhi Capitals";"";"Mumbai Indians won by 8.0 wickets";"SL Malinga"
501200.0;"Royal Challengers Bangalore";"Kochi Tuskers Kerala";"";"Royal Challengers Bangalore won by 6.0 wickets";"AB de Villiers"
501199.0;"Rajasthan Royals";"Deccan Chargers";"";"Rajasthan Royals won by 8.0 wickets";"SK Trivedi"
501198.0;"Chennai Super Kings";"Kolkata Knight Riders";"";"Chennai Super Kings won by 2.0 runs";"S Anirudha"
419165.0;"Chennai Super Kings";"Mumbai Indians";"";"Chennai Super Kings won by 22.0 runs";"SK Raina"
419164.0;"Royal Challengers Bangalore";"Deccan Chargers";"";"Royal Challengers Bangalore won by 9.0 wickets";"A Kumble"
419163.0;"Chennai Super Kings";"Deccan Chargers";"";"Chennai Super Kings won by 38.0 runs";"DE Bollinger"
419162.0;"Mumbai Indians";"Royal Challengers Bangalore";"";"Mumbai Indians won by 35.0 runs";"KA Pollard"
419161.0;"Kolkata Knight Riders";"Mumbai Indians";"";"Kolkata Knight Riders won by 9.0 wickets";"M Kartik"
419160.0;"Deccan Chargers";"Delhi Capitals";"";"Deccan Chargers won by 11.0 runs";"A Symonds"
419159.0;"Chennai Super Kings";"Punjab Kings";"";"Chennai Super Kings won by 6.0 wickets";"MS Dhoni"
419158.0;"Kolkata Knight Riders";"Rajasthan Royals";"";"Kolkata Knight Riders won by 8.0 wickets";"JD Unadkat"
419157.0;"Mumbai Indians";"Royal Challengers Bangalore";"";"Mumbai Indians won by 57.0 runs";"R McLaren"
419156.0;"Deccan Chargers";"Punjab Kings";"";"Deccan Chargers won by 5.0 wickets";"RG Sharma"
419155.0;"Delhi Capitals";"Chennai Super Kings";"";"Delhi Capitals won by 6.0 wickets";"G Gambhir"
419154.0;"Royal Challengers Bangalore";"Rajasthan Royals";"";"Royal Challengers Bangalore won by 5.0 wickets";"KP Pietersen"
419153.0;"Chennai Super Kings";"Kolkata Knight Riders";"";"Chennai Super Kings won by 9.0 wickets";"R Ashwin"
419152.0;"Mumbai Indians";"Delhi Capitals";"";"Mumbai Indians won by 39.0 runs";"KA Pollard"
419151.0;"Deccan Chargers";"Royal Challengers Bangalore";"";"Deccan Chargers won by 13.0 runs";"Harmeet Singh"
419150.0;"Mumbai Indians";"Rajasthan Royals";"";"Mumbai Indians won by 37.0 runs";"SR Tendulkar"
419149.0;"Punjab Kings";"Delhi Capitals";"";"Punjab Kings won by 7.0 wickets";"PP Chawla"
419148.0;"Royal Challengers Bangalore";"Kolkata Knight Riders";"";"Royal Challengers Bangalore won by 7.0 wickets";"R Vinay Kumar"
419147.0;"Deccan Chargers";"Chennai Super Kings";"";"Deccan Chargers won by 6.0 wickets";"RJ Harris"
419146.0;"Punjab Kings";"Mumbai Indians";"";"Punjab Kings won by 6.0 wickets";"KC Sangakkara"
419145.0;"Deccan Chargers";"Royal Challengers Bangalore";"";"Deccan Chargers won by 7.0 wickets";"TL Suman"
419144.0;"Kolkata Knight Riders";"Delhi Capitals";"";"Kolkata Knight Riders won by 14.0 runs";"SC Ganguly"
419143.0;"Rajasthan Royals";"Punjab Kings";"";"Rajasthan Royals won by 9.0 wickets";"MJ Lumb"
419142.0;"Chennai Super Kings";"Mumbai Indians";"";"Chennai Super Kings won by 24.0 runs";"SK Raina"
419141.0;"Rajasthan Royals";"Deccan Chargers";"";"Rajasthan Royals won by 2.0 runs";"SK Warne"
419139.0;"Punjab Kings";"Kolkata Knight Riders";"";"Punjab Kings won by 8.0 wickets";"DPMD Jayawardene"
419140.0;"Delhi Capitals";"Royal Challengers Bangalore";"";"Delhi Capitals won by 37.0 runs";"PD Collingwood"
419138.0;"Mumbai Indians";"Deccan Chargers";"";"Mumbai Indians won by 63.0 runs";"AT Rayudu"
419137.0;"Chennai Super Kings";"Rajasthan Royals";"";"Chennai Super Kings won by 23.0 runs";"M Vijay"
419136.0;"Royal Challengers Bangalore";"Punjab Kings";"";"Royal Challengers Bangalore won by 6.0 wickets";"KP Pietersen"
419135.0;"Kolkata Knight Riders";"Deccan Chargers";"";"Kolkata Knight Riders won by 24.0 runs";"SC Ganguly"
419134.0;"Delhi Capitals";"Rajasthan Royals";"";"Delhi Capitals won by 67.0 runs";"KD Karthik"
419133.0;"Chennai Super Kings";"Royal Challengers Bangalore";"";"Chennai Super Kings won by 5.0 wickets";"M Vijay"
419132.0;"Mumbai Indians";"Punjab Kings";"";"Mumbai Indians won by 4.0 wickets";"SL Malinga"
419131.0;"Delhi Capitals";"Kolkata Knight Riders";"";"Delhi Capitals won by 40.0 runs";"DA Warner"
419130.0;"Mumbai Indians";"Deccan Chargers";"";"Mumbai Indians won by 41.0 runs";"Harbhajan Singh"
419129.0;"Rajasthan Royals";"Chennai Super Kings";"";"Rajasthan Royals won by 17.0 runs";"NV Ojha"
419127.0;"Kolkata Knight Riders";"Punjab Kings";"";"Kolkata Knight Riders won by 39.0 runs";"MK Tiwary"
419126.0;"Rajasthan Royals";"Deccan Chargers";"";"Rajasthan Royals won by 8.0 wickets";"YK Pathan"
419125.0;"Mumbai Indians";"Chennai Super Kings";"";"Mumbai Indians won by 5.0 wickets";"SR Tendulkar"
419128.0;"Delhi Capitals";"Royal Challengers Bangalore";"";"Delhi Capitals won by 17.0 runs";"KM Jadhav"
419124.0;"Rajasthan Royals";"Punjab Kings";"";"Rajasthan Royals won by 31.0 runs";"AC Voges"
419123.0;"Royal Challengers Bangalore";"Chennai Super Kings";"";"Royal Challengers Bangalore won by 36.0 runs";"RV Uthappa"
419122.0;"Mumbai Indians";"Kolkata Knight Riders";"";"Mumbai Indians won by 7.0 wickets";"SR Tendulkar"
419121.0;"Punjab Kings";"Chennai Super Kings";"";"Match tied";"J Theron"
419120.0;"Deccan Chargers";"Delhi Capitals";"";"Deccan Chargers won by 10.0 runs";"A Symonds"
419119.0;"Royal Challengers Bangalore";"Mumbai Indians";"";"Royal Challengers Bangalore won by 7.0 wickets";"JH Kallis"
419118.0;"Rajasthan Royals";"Kolkata Knight Riders";"";"Rajasthan Royals won by 34.0 runs";"AA Jhunjhunwala"
419116.0;"Chennai Super Kings";"Delhi Capitals";"";"Chennai Super Kings won by 5.0 wickets";"ML Hayden"
419117.0;"Deccan Chargers";"Punjab Kings";"";"Deccan Chargers won by 6.0 runs";"A Symonds"
419115.0;"Royal Challengers Bangalore";"Rajasthan Royals";"";"Royal Challengers Bangalore won by 10.0 wickets";"JH Kallis"
419114.0;"Mumbai Indians";"Delhi Capitals";"";"Mumbai Indians won by 98.0 runs";"SR Tendulkar"
419113.0;"Chennai Super Kings";"Kolkata Knight Riders";"";"Chennai Super Kings won by 55.0 runs";"MS Dhoni"
419112.0;"Royal Challengers Bangalore";"Punjab Kings";"";"Royal Challengers Bangalore won by 8.0 wickets";"JH Kallis"
419111.0;"Delhi Capitals";"Rajasthan Royals";"";"Delhi Capitals won by 6.0 wickets";"V Sehwag"
419109.0;"Kolkata Knight Riders";"Royal Challengers Bangalore";"";"Kolkata Knight Riders won by 7.0 wickets";"MK Tiwary"
419110.0;"Deccan Chargers";"Chennai Super Kings";"";"Deccan Chargers won by 31.0 runs";"WPUJC Vaas"
419108.0;"Delhi Capitals";"Punjab Kings";"";"Delhi Capitals won by 5.0 wickets";"G Gambhir"
419107.0;"Mumbai Indians";"Rajasthan Royals";"";"Mumbai Indians won by 4.0 runs";"YK Pathan"
419106.0;"Kolkata Knight Riders";"Deccan Chargers";"";"Kolkata Knight Riders won by 11.0 runs";"AD Mathews"
392239.0;"Deccan Chargers";"Royal Challengers Bangalore";"";"Deccan Chargers won by 6.0 runs";"A Kumble"
392238.0;"Royal Challengers Bangalore";"Chennai Super Kings";"";"Royal Challengers Bangalore won by 6.0 wickets";"MK Pandey"
392237.0;"Deccan Chargers";"Delhi Capitals";"";"Deccan Chargers won by 6.0 wickets";"AC Gilchrist"
392236.0;"Royal Challengers Bangalore";"Deccan Chargers";"";"Royal Challengers Bangalore won by 12.0 runs";"MK Pandey"
392235.0;"Delhi Capitals";"Mumbai Indians";"";"Delhi Capitals won by 4.0 wickets";"V Sehwag"
392234.0;"Chennai Super Kings";"Punjab Kings";"";"Chennai Super Kings won by 24.0 runs";"M Muralitharan"
392233.0;"Kolkata Knight Riders";"Rajasthan Royals";"";"Kolkata Knight Riders won by 4.0 wickets";"LR Shukla"
392232.0;"Royal Challengers Bangalore";"Delhi Capitals";"";"Royal Challengers Bangalore won by 7.0 wickets";"JH Kallis"
392231.0;"Kolkata Knight Riders";"Chennai Super Kings";"";"Kolkata Knight Riders won by 7.0 wickets";"BJ Hodge"
392230.0;"Delhi Capitals";"Rajasthan Royals";"";"Delhi Capitals won by 14.0 runs";"AB de Villiers"
392229.0;"Punjab Kings";"Deccan Chargers";"";"Punjab Kings won by 1.0 runs";"Yuvraj Singh"
392227.0;"Chennai Super Kings";"Mumbai Indians";"";"Chennai Super Kings won by 7.0 wickets";"ML Hayden"
392228.0;"Deccan Chargers";"Kolkata Knight Riders";"";"Deccan Chargers won by 6.0 wickets";"RG Sharma"
392226.0;"Punjab Kings";"Delhi Capitals";"";"Punjab Kings won by 6.0 wickets";"B Lee"
392225.0;"Rajasthan Royals";"Mumbai Indians";"";"Rajasthan Royals won by 2.0 runs";"SK Warne"
392224.0;"Royal Challengers Bangalore";"Chennai Super Kings";"";"Royal Challengers Bangalore won by 2.0 wickets";"LRPL Taylor"
392223.0;"Delhi Capitals";"Deccan Chargers";"";"Delhi Capitals won by 12.0 runs";"R Bhatia"
392222.0;"Mumbai Indians";"Punjab Kings";"";"Mumbai Indians won by 8.0 wickets";"Harbhajan Singh"
392221.0;"Royal Challengers Bangalore";"Kolkata Knight Riders";"";"Royal Challengers Bangalore won by 6.0 wickets";"LRPL Taylor"
392220.0;"Deccan Chargers";"Rajasthan Royals";"";"Deccan Chargers won by 53.0 runs";"DR Smith"
392219.0;"Delhi Capitals";"Kolkata Knight Riders";"";"Delhi Capitals won by 7.0 wickets";"A Mishra"
392218.0;"Mumbai Indians";"Royal Challengers Bangalore";"";"Mumbai Indians won by 16.0 runs";"JP Duminy"
392216.0;"Punjab Kings";"Deccan Chargers";"";"Punjab Kings won by 3.0 wickets";"DPMD Jayawardene"
392217.0;"Chennai Super Kings";"Rajasthan Royals";"";"Chennai Super Kings won by 7.0 wickets";"S Badrinath"
392215.0;"Delhi Capitals";"Mumbai Indians";"";"Delhi Capitals won by 7.0 wickets";"A Nehra"
392214.0;"Chennai Super Kings";"Punjab Kings";"D/L";"Chennai Super Kings won by 12.0 runs";"ML Hayden"
392213.0;"Rajasthan Royals";"Royal Challengers Bangalore";"";"Rajasthan Royals won by 7.0 wickets";"A Singh"
392212.0;"Deccan Chargers";"Mumbai Indians";"";"Deccan Chargers won by 19.0 runs";"RG Sharma"
392211.0;"Delhi Capitals";"Kolkata Knight Riders";"";"Delhi Capitals won by 9.0 wickets";"G Gambhir"
392210.0;"Rajasthan Royals";"Punjab Kings";"";"Rajasthan Royals won by 78.0 runs";"GC Smith"
392209.0;"Chennai Super Kings";"Deccan Chargers";"";"Chennai Super Kings won by 78.0 runs";"MS Dhoni"
392208.0;"Royal Challengers Bangalore";"Mumbai Indians";"";"Royal Challengers Bangalore won by 9.0 wickets";"JH Kallis"
392207.0;"Punjab Kings";"Kolkata Knight Riders";"";"Punjab Kings won by 6.0 wickets";"DPMD Jayawardene"
392205.0;"Rajasthan Royals";"Deccan Chargers";"";"Rajasthan Royals won by 3.0 wickets";"YK Pathan"
392206.0;"Chennai Super Kings";"Delhi Capitals";"";"Chennai Super Kings won by 18.0 runs";"SB Jakati"
392203.0;"Mumbai Indians";"Kolkata Knight Riders";"";"Mumbai Indians won by 9.0 runs";"JP Duminy"
392204.0;"Royal Challengers Bangalore";"Punjab Kings";"";"Royal Challengers Bangalore won by 8.0 runs";"Yuvraj Singh"
392202.0;"Chennai Super Kings";"Rajasthan Royals";"";"Chennai Super Kings won by 38.0 runs";"SK Raina"
392201.0;"Delhi Capitals";"Deccan Chargers";"";"Delhi Capitals won by 6.0 wickets";"DP Nannes"
392200.0;"Punjab Kings";"Mumbai Indians";"";"Punjab Kings won by 3.0 runs";"KC Sangakkara"
392199.0;"Royal Challengers Bangalore";"Kolkata Knight Riders";"";"Royal Challengers Bangalore won by 5.0 wickets";"MV Boucher"
392198.0;"Rajasthan Royals";"Delhi Capitals";"";"Rajasthan Royals won by 5.0 wickets";"YK Pathan"
392197.0;"Mumbai Indians";"Kolkata Knight Riders";"";"Mumbai Indians won by 92.0 runs";"SR Tendulkar"
392196.0;"Deccan Chargers";"Chennai Super Kings";"";"Deccan Chargers won by 6.0 wickets";"HH Gibbs"
392194.0;"Delhi Capitals";"Royal Challengers Bangalore";"";"Delhi Capitals won by 6.0 wickets";"TM Dilshan"
392195.0;"Punjab Kings";"Rajasthan Royals";"";"Punjab Kings won by 27.0 runs";"KC Sangakkara"
392192.0;"Deccan Chargers";"Mumbai Indians";"";"Deccan Chargers won by 12.0 runs";"PP Ojha"
392191.0;"Punjab Kings";"Royal Challengers Bangalore";"";"Punjab Kings won by 7.0 wickets";"RS Bopara"
392190.0;"Rajasthan Royals";"Kolkata Knight Riders";"";"Match tied";"YK Pathan"
392189.0;"Delhi Capitals";"Chennai Super Kings";"";"Delhi Capitals won by 9.0 runs";"AB de Villiers"
392188.0;"Deccan Chargers";"Royal Challengers Bangalore";"";"Deccan Chargers won by 24.0 runs";"AC Gilchrist"
392186.0;"Kolkata Knight Riders";"Punjab Kings";"D/L";"Kolkata Knight Riders won by 11.0 runs";"CH Gayle"
392185.0;"Chennai Super Kings";"Royal Challengers Bangalore";"";"Chennai Super Kings won by 92.0 runs";"M Muralitharan"
392184.0;"Deccan Chargers";"Kolkata Knight Riders";"";"Deccan Chargers won by 8.0 wickets";"RP Singh"
392183.0;"Delhi Capitals";"Punjab Kings";"D/L";"Delhi Capitals won by 10.0 wickets";"DL Vettori"
392182.0;"Royal Challengers Bangalore";"Rajasthan Royals";"";"Royal Challengers Bangalore won by 75.0 runs";"R Dravid"
392181.0;"Mumbai Indians";"Chennai Super Kings";"";"Mumbai Indians won by 19.0 runs";"SR Tendulkar"
336040.0;"Rajasthan Royals";"Chennai Super Kings";"";"Rajasthan Royals won by 3.0 wickets";"YK Pathan"
336039.0;"Chennai Super Kings";"Punjab Kings";"";"Chennai Super Kings won by 9.0 wickets";"M Ntini"
336038.0;"Rajasthan Royals";"Delhi Capitals";"";"Rajasthan Royals won by 105.0 runs";"SR Watson"
336019.0;"Punjab Kings";"Rajasthan Royals";"";"Punjab Kings won by 41.0 runs";"SE Marsh"
336012.0;"Mumbai Indians";"Royal Challengers Bangalore";"";"Mumbai Indians won by 9.0 wickets";"CRD Fernando"
336037.0;"Chennai Super Kings";"Deccan Chargers";"";"Chennai Super Kings won by 7.0 wickets";"SK Raina"
336036.0;"Rajasthan Royals";"Mumbai Indians";"";"Rajasthan Royals won by 5.0 wickets";"Sohail Tanvir"
336035.0;"Kolkata Knight Riders";"Punjab Kings";"";"Kolkata Knight Riders won by 3.0 wickets";"Umar Gul"
336002.0;"Royal Challengers Bangalore";"Deccan Chargers";"";"Royal Challengers Bangalore won by 5.0 wickets";"R Vinay Kumar"
336033.0;"Rajasthan Royals";"Chennai Super Kings";"";"Rajasthan Royals won by 10.0 runs";"JA Morkel"
336032.0;"Delhi Capitals";"Mumbai Indians";"";"Delhi Capitals won by 5.0 wickets";"KD Karthik"
336031.0;"Punjab Kings";"Deccan Chargers";"";"Punjab Kings won by 6.0 wickets";"SE Marsh"
336029.0;"Royal Challengers Bangalore";"Chennai Super Kings";"";"Royal Challengers Bangalore won by 14.0 runs";"A Kumble"
336028.0;"Punjab Kings";"Mumbai Indians";"";"Punjab Kings won by 1.0 runs";"SE Marsh"
336027.0;"Rajasthan Royals";"Kolkata Knight Riders";"";"Rajasthan Royals won by 6.0 wickets";"YK Pathan"
336026.0;"Delhi Capitals";"Royal Challengers Bangalore";"";"Delhi Capitals won by 5.0 wickets";"SP Goswami"
336025.0;"Chennai Super Kings";"Kolkata Knight Riders";"D/L";"Chennai Super Kings won by 3.0 runs";"M Ntini"
336024.0;"Mumbai Indians";"Deccan Chargers";"";"Mumbai Indians won by 25.0 runs";"DJ Bravo"
336022.0;"Punjab Kings";"Delhi Capitals";"D/L";"Punjab Kings won by 6.0 runs";"DPMD Jayawardene"
336023.0;"Rajasthan Royals";"Royal Challengers Bangalore";"";"Rajasthan Royals won by 65.0 runs";"GC Smith"
336021.0;"Mumbai Indians";"Kolkata Knight Riders";"";"Mumbai Indians won by 8.0 wickets";"SM Pollock"
336020.0;"Delhi Capitals";"Deccan Chargers";"";"Delhi Capitals won by 12.0 runs";"A Mishra"
336018.0;"Mumbai Indians";"Chennai Super Kings";"";"Mumbai Indians won by 9.0 wickets";"ST Jayasuriya"
336017.0;"Kolkata Knight Riders";"Delhi Capitals";"";"Kolkata Knight Riders won by 23.0 runs";"Shoaib Akhtar"
336016.0;"Punjab Kings";"Royal Challengers Bangalore";"";"Punjab Kings won by 9.0 wickets";"SE Marsh"
336015.0;"Rajasthan Royals";"Delhi Capitals";"";"Rajasthan Royals won by 3.0 wickets";"SR Watson"
336014.0;"Kolkata Knight Riders";"Deccan Chargers";"";"Kolkata Knight Riders won by 23.0 runs";"SC Ganguly"
336013.0;"Chennai Super Kings";"Punjab Kings";"";"Chennai Super Kings won by 18.0 runs";"L Balaji"
336011.0;"Rajasthan Royals";"Deccan Chargers";"";"Rajasthan Royals won by 8.0 wickets";"YK Pathan"
336009.0;"Chennai Super Kings";"Delhi Capitals";"";"Chennai Super Kings won by 4.0 wickets";"MS Dhoni"
336010.0;"Kolkata Knight Riders";"Royal Challengers Bangalore";"";"Kolkata Knight Riders won by 5.0 runs";"SC Ganguly"
336008.0;"Mumbai Indians";"Rajasthan Royals";"";"Mumbai Indians won by 7.0 wickets";"A Nehra"
336007.0;"Deccan Chargers";"Chennai Super Kings";"";"Deccan Chargers won by 7.0 wickets";"AC Gilchrist"
336006.0;"Punjab Kings";"Royal Challengers Bangalore";"";"Punjab Kings won by 6.0 wickets";"S Sreesanth"
336005.0;"Rajasthan Royals";"Chennai Super Kings";"";"Rajasthan Royals won by 8.0 wickets";"Sohail Tanvir"
336004.0;"Mumbai Indians";"Delhi Capitals";"";"Mumbai Indians won by 29.0 runs";"SM Pollock"
336034.0;"Royal Challengers Bangalore";"Deccan Chargers";"";"Royal Challengers Bangalore won by 3.0 runs";"P Kumar"
336003.0;"Punjab Kings";"Kolkata Knight Riders";"";"Punjab Kings won by 9.0 runs";"IK Pathan"
336001.0;"Delhi Capitals";"Chennai Super Kings";"";"Delhi Capitals won by 8.0 wickets";"V Sehwag"
336000.0;"Rajasthan Royals";"Kolkata Knight Riders";"";"Rajasthan Royals won by 45.0 runs";"SA Asnodkar"
335999.0;"Punjab Kings";"Deccan Chargers";"";"Punjab Kings won by 7.0 wickets";"SE Marsh"
335998.0;"Delhi Capitals";"Royal Challengers Bangalore";"";"Delhi Capitals won by 10.0 runs";"GD McGrath"
335997.0;"Mumbai Indians";"Kolkata Knight Riders";"";"Mumbai Indians won by 7.0 wickets";"ST Jayasuriya"
335996.0;"Chennai Super Kings";"Royal Challengers Bangalore";"";"Chennai Super Kings won by 13.0 runs";"MS Dhoni"
335995.0;"Punjab Kings";"Delhi Capitals";"";"Punjab Kings won by 4.0 wickets";"SM Katich"
335994.0;"Deccan Chargers";"Mumbai Indians";"";"Deccan Chargers won by 10.0 wickets";"AC Gilchrist"
335993.0;"Chennai Super Kings";"Kolkata Knight Riders";"";"Chennai Super Kings won by 9.0 wickets";"JDP Oram"
335992.0;"Rajasthan Royals";"Royal Challengers Bangalore";"";"Rajasthan Royals won by 7.0 wickets";"SR Watson"
335991.0;"Punjab Kings";"Mumbai Indians";"";"Punjab Kings won by 66.0 runs";"KC Sangakkara"
335990.0;"Rajasthan Royals";"Deccan Chargers";"";"Rajasthan Royals won by 3.0 wickets";"YK Pathan"
335989.0;"Chennai Super Kings";"Mumbai Indians";"";"Chennai Super Kings won by 6.0 runs";"ML Hayden"
335988.0;"Delhi Capitals";"Deccan Chargers";"";"Delhi Capitals won by 9.0 wickets";"V Sehwag"
335987.0;"Rajasthan Royals";"Punjab Kings";"";"Rajasthan Royals won by 6.0 wickets";"SR Watson"
335986.0;"Kolkata Knight Riders";"Deccan Chargers";"";"Kolkata Knight Riders won by 5.0 wickets";"DJ Hussey"
335985.0;"Royal Challengers Bangalore";"Mumbai Indians";"";"Royal Challengers Bangalore won by 5.0 wickets";"MV Boucher"
335984.0;"Delhi Capitals";"Rajasthan Royals";"";"Delhi Capitals won by 9.0 wickets";"MF Maharoof"
335983.0;"Chennai Super Kings";"Punjab Kings";"";"Chennai Super Kings won by 33.0 runs";"MEK Hussey"
335982.0;"Kolkata Knight Riders";"Royal Challengers Bangalore";"";"Kolkata Knight Riders won by 140.0 runs";"BB McCullum"
